Device,iPhone,model,iPhone,version,10.3.3,AppVersion,2.7.6
Year,2020,Month,5,Day,23,Hour,0,Minute,0,Second,0,BatteryUsage, n/a
comments
File created by Mio Go v2.7.6 iPhone App.
sensor,present,smrec,zeroavg,model
pwr,no,no,no,n/a
spd,no,no,no,n/a
cad,no,no,no,n/a
hr,yes,no,no,n/a
footpod,no,no,no,n/a
gps,no,no,no,n/a
workout,starttime,runningtime,spdavg,hravg,manualdist
Y,2020-05-22 22:12:56 +0000,3386,0.000000,153,0
interval,starttime,runningtime,spdavg,hravg,manualdist
1,2020-05-22 22:12:56 +0000,3386,0.000000,153,0
time(seconds),hr_heartrate(1s),calories(12s),step_data(60s),manual_dist(12s),interval,pace_data(12s),speed_data(12s)
1,119,0,0,0,1,0,0
2,119,0,0,0,1,0,0
3,119,0,0,0,1,0,0
4,121,0,0,0,1,0,0
5,122,0,0,0,1,0,0
6,122,0,0,0,1,0,0
7,121,0,0,0,1,0,0
8,121,0,0,0,1,0,0
9,120,0,0,0,1,0,0
10,120,0,0,0,1,0,0
11,120,0,0,0,1,0,0
12,119,1,0,0,1,0,0.00, 
13,118,0,0,0,1,0,0.00, 
14,119,0,0,0,1,0,0.00, 
15,119,0,0,0,1,0,0.00, 
16,119,0,0,0,1,0,0.00, 
17,120,0,0,0,1,0,0.00, 
18,120,0,0,0,1,0,0.00, 
19,119,0,0,0,1,0,0.00, 
20,119,0,0,0,1,0,0.00, 
21,119,0,0,0,1,0,0.00, 
22,119,0,0,0,1,0,0.00, 
23,119,0,0,0,1,0,0.00, 
24,119,2,0,0,1,0,0.00, 
25,118,0,0,0,1,0,0.00, 
26,118,0,0,0,1,0,0.00, 
27,118,0,0,0,1,0,0.00, 
28,118,0,0,0,1,0,0.00, 
29,118,0,0,0,1,0,0.00, 
30,118,0,0,0,1,0,0.00, 
31,118,0,0,0,1,0,0.00, 
32,118,0,0,0,1,0,0.00, 
33,119,0,0,0,1,0,0.00, 
34,119,0,0,0,1,0,0.00, 
35,119,0,0,0,1,0,0.00, 
36,119,2,0,0,1,0,0.00, 
37,119,0,0,0,1,0,0.00, 
38,119,0,0,0,1,0,0.00, 
39,118,0,0,0,1,0,0.00, 
40,116,0,0,0,1,0,0.00, 
41,115,0,0,0,1,0,0.00, 
42,115,0,0,0,1,0,0.00, 
43,115,0,0,0,1,0,0.00, 
44,115,0,0,0,1,0,0.00, 
45,115,0,0,0,1,0,0.00, 
46,115,0,0,0,1,0,0.00, 
47,115,0,0,0,1,0,0.00, 
48,115,2,0,0,1,0,0.00, 
49,115,0,0,0,1,0,0.00, 
50,115,0,0,0,1,0,0.00, 
51,116,0,0,0,1,0,0.00, 
52,117,0,0,0,1,0,0.00, 
53,119,0,0,0,1,0,0.00, 
54,119,0,0,0,1,0,0.00, 
55,118,0,0,0,1,0,0.00, 
56,117,0,0,0,1,0,0.00, 
57,117,0,0,0,1,0,0.00, 
58,117,0,0,0,1,0,0.00, 
59,118,0,0,0,1,0,0.00, 
60,118,1,0,0,1,0,0.00, 
61,117,0,0,0,1,0,0.00, 
62,117,0,0,0,1,0,0.00, 
63,117,0,0,0,1,0,0.00, 
64,117,0,0,0,1,0,0.00, 
65,118,0,0,0,1,0,0.00, 
66,119,0,0,0,1,0,0.00, 
67,119,0,0,0,1,0,0.00, 
68,119,0,0,0,1,0,0.00, 
69,119,0,0,0,1,0,0.00, 
70,118,0,0,0,1,0,0.00, 
71,117,0,0,0,1,0,0.00, 
72,112,2,0,0,1,0,0.00, 
73,111,0,0,0,1,0,0.00, 
74,111,0,0,0,1,0,0.00, 
75,111,0,0,0,1,0,0.00, 
76,111,0,0,0,1,0,0.00, 
77,110,0,0,0,1,0,0.00, 
78,110,0,0,0,1,0,0.00, 
79,110,0,0,0,1,0,0.00, 
80,111,0,0,0,1,0,0.00, 
81,111,0,0,0,1,0,0.00, 
82,111,0,0,0,1,0,0.00, 
83,111,0,0,0,1,0,0.00, 
84,111,2,0,0,1,0,0.00, 
85,111,0,0,0,1,0,0.00, 
86,111,0,0,0,1,0,0.00, 
87,111,0,0,0,1,0,0.00, 
88,111,0,0,0,1,0,0.00, 
89,109,0,0,0,1,0,0.00, 
90,109,0,0,0,1,0,0.00, 
91,109,0,0,0,1,0,0.00, 
92,108,0,0,0,1,0,0.00, 
93,108,0,0,0,1,0,0.00, 
94,108,0,0,0,1,0,0.00, 
95,108,0,0,0,1,0,0.00, 
96,108,1,0,0,1,0,0.00, 
97,108,0,0,0,1,0,0.00, 
98,109,0,0,0,1,0,0.00, 
99,109,0,0,0,1,0,0.00, 
100,111,0,0,0,1,0,0.00, 
101,122,0,0,0,1,0,0.00, 
102,122,0,0,0,1,0,0.00, 
103,123,0,0,0,1,0,0.00, 
104,124,0,0,0,1,0,0.00, 
105,124,0,0,0,1,0,0.00, 
106,124,0,0,0,1,0,0.00, 
107,124,0,0,0,1,0,0.00, 
108,126,2,0,0,1,0,0.00, 
109,127,0,0,0,1,0,0.00, 
110,126,0,0,0,1,0,0.00, 
111,126,0,0,0,1,0,0.00, 
112,125,0,0,0,1,0,0.00, 
113,125,0,0,0,1,0,0.00, 
114,125,0,0,0,1,0,0.00, 
115,126,0,0,0,1,0,0.00, 
116,127,0,0,0,1,0,0.00, 
117,129,0,0,0,1,0,0.00, 
118,130,0,0,0,1,0,0.00, 
119,131,0,0,0,1,0,0.00, 
120,133,2,0,0,1,0,0.00, 
121,133,0,0,0,1,0,0.00, 
122,134,0,0,0,1,0,0.00, 
123,134,0,0,0,1,0,0.00, 
124,134,0,0,0,1,0,0.00, 
125,134,0,0,0,1,0,0.00, 
126,135,0,0,0,1,0,0.00, 
127,137,0,0,0,1,0,0.00, 
128,139,0,0,0,1,0,0.00, 
129,139,0,0,0,1,0,0.00, 
130,139,0,0,0,1,0,0.00, 
131,139,0,0,0,1,0,0.00, 
132,140,2,0,0,1,0,0.00, 
133,140,0,0,0,1,0,0.00, 
134,140,0,0,0,1,0,0.00, 
135,139,0,0,0,1,0,0.00, 
136,139,0,0,0,1,0,0.00, 
137,139,0,0,0,1,0,0.00, 
138,139,0,0,0,1,0,0.00, 
139,139,0,0,0,1,0,0.00, 
140,139,0,0,0,1,0,0.00, 
141,138,0,0,0,1,0,0.00, 
142,137,0,0,0,1,0,0.00, 
143,137,0,0,0,1,0,0.00, 
144,137,3,0,0,1,0,0.00, 
145,137,0,0,0,1,0,0.00, 
146,136,0,0,0,1,0,0.00, 
147,136,0,0,0,1,0,0.00, 
148,136,0,0,0,1,0,0.00, 
149,135,0,0,0,1,0,0.00, 
150,133,0,0,0,1,0,0.00, 
151,133,0,0,0,1,0,0.00, 
152,133,0,0,0,1,0,0.00, 
153,133,0,0,0,1,0,0.00, 
154,133,0,0,0,1,0,0.00, 
155,132,0,0,0,1,0,0.00, 
156,130,2,0,0,1,0,0.00, 
157,131,0,0,0,1,0,0.00, 
158,132,0,0,0,1,0,0.00, 
159,132,0,0,0,1,0,0.00, 
160,133,0,0,0,1,0,0.00, 
161,133,0,0,0,1,0,0.00, 
162,134,0,0,0,1,0,0.00, 
163,134,0,0,0,1,0,0.00, 
164,135,0,0,0,1,0,0.00, 
165,135,0,0,0,1,0,0.00, 
166,135,0,0,0,1,0,0.00, 
167,135,0,0,0,1,0,0.00, 
168,134,2,0,0,1,0,0.00, 
169,133,0,0,0,1,0,0.00, 
170,133,0,0,0,1,0,0.00, 
171,133,0,0,0,1,0,0.00, 
172,133,0,0,0,1,0,0.00, 
173,132,0,0,0,1,0,0.00, 
174,131,0,0,0,1,0,0.00, 
175,131,0,0,0,1,0,0.00, 
176,130,0,0,0,1,0,0.00, 
177,130,0,0,0,1,0,0.00, 
178,130,0,0,0,1,0,0.00, 
179,130,0,0,0,1,0,0.00, 
180,130,2,0,0,1,0,0.00, 
181,130,0,0,0,1,0,0.00, 
182,129,0,0,0,1,0,0.00, 
183,129,0,0,0,1,0,0.00, 
184,130,0,0,0,1,0,0.00, 
185,129,0,0,0,1,0,0.00, 
186,129,0,0,0,1,0,0.00, 
187,129,0,0,0,1,0,0.00, 
188,129,0,0,0,1,0,0.00, 
189,129,0,0,0,1,0,0.00, 
190,128,0,0,0,1,0,0.00, 
191,126,0,0,0,1,0,0.00, 
192,128,2,0,0,1,0,0.00, 
193,130,0,0,0,1,0,0.00, 
194,131,0,0,0,1,0,0.00, 
195,132,0,0,0,1,0,0.00, 
196,132,0,0,0,1,0,0.00, 
197,132,0,0,0,1,0,0.00, 
198,134,0,0,0,1,0,0.00, 
199,134,0,0,0,1,0,0.00, 
200,135,0,0,0,1,0,0.00, 
201,135,0,0,0,1,0,0.00, 
202,135,0,0,0,1,0,0.00, 
203,135,0,0,0,1,0,0.00, 
204,136,3,0,0,1,0,0.00, 
205,138,0,0,0,1,0,0.00, 
206,138,0,0,0,1,0,0.00, 
207,138,0,0,0,1,0,0.00, 
208,139,0,0,0,1,0,0.00, 
209,139,0,0,0,1,0,0.00, 
210,138,0,0,0,1,0,0.00, 
211,138,0,0,0,1,0,0.00, 
212,138,0,0,0,1,0,0.00, 
213,137,0,0,0,1,0,0.00, 
214,137,0,0,0,1,0,0.00, 
215,136,0,0,0,1,0,0.00, 
216,136,2,0,0,1,0,0.00, 
217,137,0,0,0,1,0,0.00, 
218,136,0,0,0,1,0,0.00, 
219,135,0,0,0,1,0,0.00, 
220,136,0,0,0,1,0,0.00, 
221,136,0,0,0,1,0,0.00, 
222,136,0,0,0,1,0,0.00, 
223,136,0,0,0,1,0,0.00, 
224,136,0,0,0,1,0,0.00, 
225,136,0,0,0,1,0,0.00, 
226,136,0,0,0,1,0,0.00, 
227,136,0,0,0,1,0,0.00, 
228,136,2,0,0,1,0,0.00, 
229,136,0,0,0,1,0,0.00, 
230,136,0,0,0,1,0,0.00, 
231,136,0,0,0,1,0,0.00, 
232,136,0,0,0,1,0,0.00, 
233,137,0,0,0,1,0,0.00, 
234,138,0,0,0,1,0,0.00, 
235,137,0,0,0,1,0,0.00, 
236,136,0,0,0,1,0,0.00, 
237,136,0,0,0,1,0,0.00, 
238,136,0,0,0,1,0,0.00, 
239,136,0,0,0,1,0,0.00, 
240,136,3,0,0,1,0,0.00, 
241,136,0,0,0,1,0,0.00, 
242,136,0,0,0,1,0,0.00, 
243,136,0,0,0,1,0,0.00, 
244,136,0,0,0,1,0,0.00, 
245,136,0,0,0,1,0,0.00, 
246,136,0,0,0,1,0,0.00, 
247,136,0,0,0,1,0,0.00, 
248,136,0,0,0,1,0,0.00, 
249,136,0,0,0,1,0,0.00, 
250,136,0,0,0,1,0,0.00, 
251,136,0,0,0,1,0,0.00, 
252,135,2,0,0,1,0,0.00, 
253,133,0,0,0,1,0,0.00, 
254,133,0,0,0,1,0,0.00, 
255,133,0,0,0,1,0,0.00, 
256,133,0,0,0,1,0,0.00, 
257,134,0,0,0,1,0,0.00, 
258,133,0,0,0,1,0,0.00, 
259,133,0,0,0,1,0,0.00, 
260,133,0,0,0,1,0,0.00, 
261,132,0,0,0,1,0,0.00, 
262,132,0,0,0,1,0,0.00, 
263,132,0,0,0,1,0,0.00, 
264,131,2,0,0,1,0,0.00, 
265,131,0,0,0,1,0,0.00, 
266,131,0,0,0,1,0,0.00, 
267,132,0,0,0,1,0,0.00, 
268,132,0,0,0,1,0,0.00, 
269,132,0,0,0,1,0,0.00, 
270,132,0,0,0,1,0,0.00, 
271,132,0,0,0,1,0,0.00, 
272,132,0,0,0,1,0,0.00, 
273,132,0,0,0,1,0,0.00, 
274,132,0,0,0,1,0,0.00, 
275,131,0,0,0,1,0,0.00, 
276,132,2,0,0,1,0,0.00, 
277,132,0,0,0,1,0,0.00, 
278,128,0,0,0,1,0,0.00, 
279,127,0,0,0,1,0,0.00, 
280,126,0,0,0,1,0,0.00, 
281,125,0,0,0,1,0,0.00, 
282,124,0,0,0,1,0,0.00, 
283,124,0,0,0,1,0,0.00, 
284,124,0,0,0,1,0,0.00, 
285,124,0,0,0,1,0,0.00, 
286,124,0,0,0,1,0,0.00, 
287,125,0,0,0,1,0,0.00, 
288,126,2,0,0,1,0,0.00, 
289,126,0,0,0,1,0,0.00, 
290,126,0,0,0,1,0,0.00, 
291,125,0,0,0,1,0,0.00, 
292,124,0,0,0,1,0,0.00, 
293,125,0,0,0,1,0,0.00, 
294,125,0,0,0,1,0,0.00, 
295,124,0,0,0,1,0,0.00, 
296,125,0,0,0,1,0,0.00, 
297,125,0,0,0,1,0,0.00, 
298,125,0,0,0,1,0,0.00, 
299,125,0,0,0,1,0,0.00, 
300,125,2,0,0,1,0,0.00, 
301,125,0,0,0,1,0,0.00, 
302,125,0,0,0,1,0,0.00, 
303,125,0,0,0,1,0,0.00, 
304,126,0,0,0,1,0,0.00, 
305,126,0,0,0,1,0,0.00, 
306,127,0,0,0,1,0,0.00, 
307,127,0,0,0,1,0,0.00, 
308,127,0,0,0,1,0,0.00, 
309,128,0,0,0,1,0,0.00, 
310,128,0,0,0,1,0,0.00, 
311,127,0,0,0,1,0,0.00, 
312,127,2,0,0,1,0,0.00, 
313,127,0,0,0,1,0,0.00, 
314,127,0,0,0,1,0,0.00, 
315,127,0,0,0,1,0,0.00, 
316,127,0,0,0,1,0,0.00, 
317,127,0,0,0,1,0,0.00, 
318,127,0,0,0,1,0,0.00, 
319,131,0,0,0,1,0,0.00, 
320,133,0,0,0,1,0,0.00, 
321,134,0,0,0,1,0,0.00, 
322,135,0,0,0,1,0,0.00, 
323,137,0,0,0,1,0,0.00, 
324,138,2,0,0,1,0,0.00, 
325,141,0,0,0,1,0,0.00, 
326,142,0,0,0,1,0,0.00, 
327,143,0,0,0,1,0,0.00, 
328,145,0,0,0,1,0,0.00, 
329,145,0,0,0,1,0,0.00, 
330,145,0,0,0,1,0,0.00, 
331,146,0,0,0,1,0,0.00, 
332,146,0,0,0,1,0,0.00, 
333,146,0,0,0,1,0,0.00, 
334,146,0,0,0,1,0,0.00, 
335,145,0,0,0,1,0,0.00, 
336,144,3,0,0,1,0,0.00, 
337,143,0,0,0,1,0,0.00, 
338,142,0,0,0,1,0,0.00, 
339,142,0,0,0,1,0,0.00, 
340,142,0,0,0,1,0,0.00, 
341,142,0,0,0,1,0,0.00, 
342,143,0,0,0,1,0,0.00, 
343,144,0,0,0,1,0,0.00, 
344,145,0,0,0,1,0,0.00, 
345,147,0,0,0,1,0,0.00, 
346,147,0,0,0,1,0,0.00, 
347,150,0,0,0,1,0,0.00, 
348,151,2,0,0,1,0,0.00, 
349,151,0,0,0,1,0,0.00, 
350,151,0,0,0,1,0,0.00, 
351,151,0,0,0,1,0,0.00, 
352,152,0,0,0,1,0,0.00, 
353,153,0,0,0,1,0,0.00, 
354,155,0,0,0,1,0,0.00, 
355,157,0,0,0,1,0,0.00, 
356,158,0,0,0,1,0,0.00, 
357,159,0,0,0,1,0,0.00, 
358,159,0,0,0,1,0,0.00, 
359,161,0,0,0,1,0,0.00, 
360,162,3,0,0,1,0,0.00, 
361,162,0,0,0,1,0,0.00, 
362,162,0,0,0,1,0,0.00, 
363,162,0,0,0,1,0,0.00, 
364,163,0,0,0,1,0,0.00, 
365,163,0,0,0,1,0,0.00, 
366,163,0,0,0,1,0,0.00, 
367,163,0,0,0,1,0,0.00, 
368,163,0,0,0,1,0,0.00, 
369,164,0,0,0,1,0,0.00, 
370,164,0,0,0,1,0,0.00, 
371,163,0,0,0,1,0,0.00, 
372,163,3,0,0,1,0,0.00, 
373,162,0,0,0,1,0,0.00, 
374,161,0,0,0,1,0,0.00, 
375,161,0,0,0,1,0,0.00, 
376,160,0,0,0,1,0,0.00, 
377,159,0,0,0,1,0,0.00, 
378,158,0,0,0,1,0,0.00, 
379,158,0,0,0,1,0,0.00, 
380,158,0,0,0,1,0,0.00, 
381,157,0,0,0,1,0,0.00, 
382,157,0,0,0,1,0,0.00, 
383,157,0,0,0,1,0,0.00, 
384,156,3,0,0,1,0,0.00, 
385,156,0,0,0,1,0,0.00, 
386,156,0,0,0,1,0,0.00, 
387,156,0,0,0,1,0,0.00, 
388,156,0,0,0,1,0,0.00, 
389,156,0,0,0,1,0,0.00, 
390,156,0,0,0,1,0,0.00, 
391,155,0,0,0,1,0,0.00, 
392,155,0,0,0,1,0,0.00, 
393,155,0,0,0,1,0,0.00, 
394,155,0,0,0,1,0,0.00, 
395,155,0,0,0,1,0,0.00, 
396,155,3,0,0,1,0,0.00, 
397,155,0,0,0,1,0,0.00, 
398,155,0,0,0,1,0,0.00, 
399,154,0,0,0,1,0,0.00, 
400,154,0,0,0,1,0,0.00, 
401,154,0,0,0,1,0,0.00, 
402,154,0,0,0,1,0,0.00, 
403,154,0,0,0,1,0,0.00, 
404,155,0,0,0,1,0,0.00, 
405,155,0,0,0,1,0,0.00, 
406,156,0,0,0,1,0,0.00, 
407,155,0,0,0,1,0,0.00, 
408,155,3,0,0,1,0,0.00, 
409,155,0,0,0,1,0,0.00, 
410,155,0,0,0,1,0,0.00, 
411,155,0,0,0,1,0,0.00, 
412,155,0,0,0,1,0,0.00, 
413,155,0,0,0,1,0,0.00, 
414,155,0,0,0,1,0,0.00, 
415,154,0,0,0,1,0,0.00, 
416,153,0,0,0,1,0,0.00, 
417,155,0,0,0,1,0,0.00, 
418,157,0,0,0,1,0,0.00, 
419,158,0,0,0,1,0,0.00, 
420,159,3,0,0,1,0,0.00, 
421,159,0,0,0,1,0,0.00, 
422,159,0,0,0,1,0,0.00, 
423,158,0,0,0,1,0,0.00, 
424,158,0,0,0,1,0,0.00, 
425,158,0,0,0,1,0,0.00, 
426,158,0,0,0,1,0,0.00, 
427,158,0,0,0,1,0,0.00, 
428,158,0,0,0,1,0,0.00, 
429,157,0,0,0,1,0,0.00, 
430,157,0,0,0,1,0,0.00, 
431,156,0,0,0,1,0,0.00, 
432,155,3,0,0,1,0,0.00, 
433,156,0,0,0,1,0,0.00, 
434,155,0,0,0,1,0,0.00, 
435,155,0,0,0,1,0,0.00, 
436,155,0,0,0,1,0,0.00, 
437,155,0,0,0,1,0,0.00, 
438,155,0,0,0,1,0,0.00, 
439,155,0,0,0,1,0,0.00, 
440,155,0,0,0,1,0,0.00, 
441,154,0,0,0,1,0,0.00, 
442,153,0,0,0,1,0,0.00, 
443,152,0,0,0,1,0,0.00, 
444,152,3,0,0,1,0,0.00, 
445,152,0,0,0,1,0,0.00, 
446,152,0,0,0,1,0,0.00, 
447,152,0,0,0,1,0,0.00, 
448,152,0,0,0,1,0,0.00, 
449,150,0,0,0,1,0,0.00, 
450,153,0,0,0,1,0,0.00, 
451,153,0,0,0,1,0,0.00, 
452,153,0,0,0,1,0,0.00, 
453,154,0,0,0,1,0,0.00, 
454,154,0,0,0,1,0,0.00, 
455,154,0,0,0,1,0,0.00, 
456,154,3,0,0,1,0,0.00, 
457,154,0,0,0,1,0,0.00, 
458,154,0,0,0,1,0,0.00, 
459,154,0,0,0,1,0,0.00, 
460,154,0,0,0,1,0,0.00, 
461,153,0,0,0,1,0,0.00, 
462,153,0,0,0,1,0,0.00, 
463,153,0,0,0,1,0,0.00, 
464,153,0,0,0,1,0,0.00, 
465,153,0,0,0,1,0,0.00, 
466,151,0,0,0,1,0,0.00, 
467,151,0,0,0,1,0,0.00, 
468,151,2,0,0,1,0,0.00, 
469,151,0,0,0,1,0,0.00, 
470,152,0,0,0,1,0,0.00, 
471,152,0,0,0,1,0,0.00, 
472,152,0,0,0,1,0,0.00, 
473,152,0,0,0,1,0,0.00, 
474,152,0,0,0,1,0,0.00, 
475,152,0,0,0,1,0,0.00, 
476,152,0,0,0,1,0,0.00, 
477,153,0,0,0,1,0,0.00, 
478,154,0,0,0,1,0,0.00, 
479,154,0,0,0,1,0,0.00, 
480,154,3,0,0,1,0,0.00, 
481,154,0,0,0,1,0,0.00, 
482,154,0,0,0,1,0,0.00, 
483,155,0,0,0,1,0,0.00, 
484,156,0,0,0,1,0,0.00, 
485,156,0,0,0,1,0,0.00, 
486,156,0,0,0,1,0,0.00, 
487,156,0,0,0,1,0,0.00, 
488,156,0,0,0,1,0,0.00, 
489,156,0,0,0,1,0,0.00, 
490,156,0,0,0,1,0,0.00, 
491,157,0,0,0,1,0,0.00, 
492,157,3,0,0,1,0,0.00, 
493,157,0,0,0,1,0,0.00, 
494,157,0,0,0,1,0,0.00, 
495,157,0,0,0,1,0,0.00, 
496,156,0,0,0,1,0,0.00, 
497,156,0,0,0,1,0,0.00, 
498,156,0,0,0,1,0,0.00, 
499,157,0,0,0,1,0,0.00, 
500,157,0,0,0,1,0,0.00, 
501,157,0,0,0,1,0,0.00, 
502,157,0,0,0,1,0,0.00, 
503,158,0,0,0,1,0,0.00, 
504,158,3,0,0,1,0,0.00, 
505,158,0,0,0,1,0,0.00, 
506,158,0,0,0,1,0,0.00, 
507,158,0,0,0,1,0,0.00, 
508,159,0,0,0,1,0,0.00, 
509,160,0,0,0,1,0,0.00, 
510,159,0,0,0,1,0,0.00, 
511,160,0,0,0,1,0,0.00, 
512,160,0,0,0,1,0,0.00, 
513,160,0,0,0,1,0,0.00, 
514,160,0,0,0,1,0,0.00, 
515,160,0,0,0,1,0,0.00, 
516,160,3,0,0,1,0,0.00, 
517,160,0,0,0,1,0,0.00, 
518,160,0,0,0,1,0,0.00, 
519,161,0,0,0,1,0,0.00, 
520,161,0,0,0,1,0,0.00, 
521,160,0,0,0,1,0,0.00, 
522,158,0,0,0,1,0,0.00, 
523,157,0,0,0,1,0,0.00, 
524,157,0,0,0,1,0,0.00, 
525,157,0,0,0,1,0,0.00, 
526,157,0,0,0,1,0,0.00, 
527,156,0,0,0,1,0,0.00, 
528,155,3,0,0,1,0,0.00, 
529,154,0,0,0,1,0,0.00, 
530,155,0,0,0,1,0,0.00, 
531,155,0,0,0,1,0,0.00, 
532,155,0,0,0,1,0,0.00, 
533,155,0,0,0,1,0,0.00, 
534,155,0,0,0,1,0,0.00, 
535,155,0,0,0,1,0,0.00, 
536,156,0,0,0,1,0,0.00, 
537,156,0,0,0,1,0,0.00, 
538,156,0,0,0,1,0,0.00, 
539,156,0,0,0,1,0,0.00, 
540,156,3,0,0,1,0,0.00, 
541,156,0,0,0,1,0,0.00, 
542,156,0,0,0,1,0,0.00, 
543,155,0,0,0,1,0,0.00, 
544,154,0,0,0,1,0,0.00, 
545,152,0,0,0,1,0,0.00, 
546,151,0,0,0,1,0,0.00, 
547,151,0,0,0,1,0,0.00, 
548,151,0,0,0,1,0,0.00, 
549,151,0,0,0,1,0,0.00, 
550,151,0,0,0,1,0,0.00, 
551,151,0,0,0,1,0,0.00, 
552,151,3,0,0,1,0,0.00, 
553,150,0,0,0,1,0,0.00, 
554,151,0,0,0,1,0,0.00, 
555,150,0,0,0,1,0,0.00, 
556,150,0,0,0,1,0,0.00, 
557,150,0,0,0,1,0,0.00, 
558,150,0,0,0,1,0,0.00, 
559,150,0,0,0,1,0,0.00, 
560,150,0,0,0,1,0,0.00, 
561,150,0,0,0,1,0,0.00, 
562,149,0,0,0,1,0,0.00, 
563,147,0,0,0,1,0,0.00, 
564,148,2,0,0,1,0,0.00, 
565,148,0,0,0,1,0,0.00, 
566,149,0,0,0,1,0,0.00, 
567,149,0,0,0,1,0,0.00, 
568,149,0,0,0,1,0,0.00, 
569,150,0,0,0,1,0,0.00, 
570,150,0,0,0,1,0,0.00, 
571,151,0,0,0,1,0,0.00, 
572,151,0,0,0,1,0,0.00, 
573,151,0,0,0,1,0,0.00, 
574,151,0,0,0,1,0,0.00, 
575,151,0,0,0,1,0,0.00, 
576,151,3,0,0,1,0,0.00, 
577,151,0,0,0,1,0,0.00, 
578,151,0,0,0,1,0,0.00, 
579,151,0,0,0,1,0,0.00, 
580,151,0,0,0,1,0,0.00, 
581,150,0,0,0,1,0,0.00, 
582,150,0,0,0,1,0,0.00, 
583,150,0,0,0,1,0,0.00, 
584,149,0,0,0,1,0,0.00, 
585,149,0,0,0,1,0,0.00, 
586,149,0,0,0,1,0,0.00, 
587,149,0,0,0,1,0,0.00, 
588,149,3,0,0,1,0,0.00, 
589,149,0,0,0,1,0,0.00, 
590,149,0,0,0,1,0,0.00, 
591,149,0,0,0,1,0,0.00, 
592,149,0,0,0,1,0,0.00, 
593,149,0,0,0,1,0,0.00, 
594,149,0,0,0,1,0,0.00, 
595,149,0,0,0,1,0,0.00, 
596,149,0,0,0,1,0,0.00, 
597,150,0,0,0,1,0,0.00, 
598,150,0,0,0,1,0,0.00, 
599,150,0,0,0,1,0,0.00, 
600,150,3,0,0,1,0,0.00, 
601,150,0,0,0,1,0,0.00, 
602,149,0,0,0,1,0,0.00, 
603,149,0,0,0,1,0,0.00, 
604,150,0,0,0,1,0,0.00, 
605,148,0,0,0,1,0,0.00, 
606,148,0,0,0,1,0,0.00, 
607,148,0,0,0,1,0,0.00, 
608,148,0,0,0,1,0,0.00, 
609,148,0,0,0,1,0,0.00, 
610,148,0,0,0,1,0,0.00, 
611,148,0,0,0,1,0,0.00, 
612,148,2,0,0,1,0,0.00, 
613,148,0,0,0,1,0,0.00, 
614,149,0,0,0,1,0,0.00, 
615,151,0,0,0,1,0,0.00, 
616,151,0,0,0,1,0,0.00, 
617,151,0,0,0,1,0,0.00, 
618,151,0,0,0,1,0,0.00, 
619,151,0,0,0,1,0,0.00, 
620,151,0,0,0,1,0,0.00, 
621,150,0,0,0,1,0,0.00, 
622,150,0,0,0,1,0,0.00, 
623,151,0,0,0,1,0,0.00, 
624,151,3,0,0,1,0,0.00, 
625,151,0,0,0,1,0,0.00, 
626,151,0,0,0,1,0,0.00, 
627,153,0,0,0,1,0,0.00, 
628,153,0,0,0,1,0,0.00, 
629,153,0,0,0,1,0,0.00, 
630,153,0,0,0,1,0,0.00, 
631,153,0,0,0,1,0,0.00, 
632,153,0,0,0,1,0,0.00, 
633,154,0,0,0,1,0,0.00, 
634,155,0,0,0,1,0,0.00, 
635,156,0,0,0,1,0,0.00, 
636,157,3,0,0,1,0,0.00, 
637,157,0,0,0,1,0,0.00, 
638,157,0,0,0,1,0,0.00, 
639,157,0,0,0,1,0,0.00, 
640,157,0,0,0,1,0,0.00, 
641,155,0,0,0,1,0,0.00, 
642,153,0,0,0,1,0,0.00, 
643,153,0,0,0,1,0,0.00, 
644,150,0,0,0,1,0,0.00, 
645,147,0,0,0,1,0,0.00, 
646,146,0,0,0,1,0,0.00, 
647,145,0,0,0,1,0,0.00, 
648,145,3,0,0,1,0,0.00, 
649,145,0,0,0,1,0,0.00, 
650,143,0,0,0,1,0,0.00, 
651,142,0,0,0,1,0,0.00, 
652,141,0,0,0,1,0,0.00, 
653,141,0,0,0,1,0,0.00, 
654,142,0,0,0,1,0,0.00, 
655,142,0,0,0,1,0,0.00, 
656,142,0,0,0,1,0,0.00, 
657,141,0,0,0,1,0,0.00, 
658,141,0,0,0,1,0,0.00, 
659,141,0,0,0,1,0,0.00, 
660,141,2,0,0,1,0,0.00, 
661,141,0,0,0,1,0,0.00, 
662,142,0,0,0,1,0,0.00, 
663,142,0,0,0,1,0,0.00, 
664,142,0,0,0,1,0,0.00, 
665,142,0,0,0,1,0,0.00, 
666,142,0,0,0,1,0,0.00, 
667,142,0,0,0,1,0,0.00, 
668,143,0,0,0,1,0,0.00, 
669,146,0,0,0,1,0,0.00, 
670,148,0,0,0,1,0,0.00, 
671,148,0,0,0,1,0,0.00, 
672,148,3,0,0,1,0,0.00, 
673,148,0,0,0,1,0,0.00, 
674,148,0,0,0,1,0,0.00, 
675,148,0,0,0,1,0,0.00, 
676,148,0,0,0,1,0,0.00, 
677,149,0,0,0,1,0,0.00, 
678,149,0,0,0,1,0,0.00, 
679,149,0,0,0,1,0,0.00, 
680,149,0,0,0,1,0,0.00, 
681,149,0,0,0,1,0,0.00, 
682,149,0,0,0,1,0,0.00, 
683,149,0,0,0,1,0,0.00, 
684,149,2,0,0,1,0,0.00, 
685,148,0,0,0,1,0,0.00, 
686,151,0,0,0,1,0,0.00, 
687,151,0,0,0,1,0,0.00, 
688,151,0,0,0,1,0,0.00, 
689,151,0,0,0,1,0,0.00, 
690,152,0,0,0,1,0,0.00, 
691,152,0,0,0,1,0,0.00, 
692,152,0,0,0,1,0,0.00, 
693,152,0,0,0,1,0,0.00, 
694,153,0,0,0,1,0,0.00, 
695,154,0,0,0,1,0,0.00, 
696,155,3,0,0,1,0,0.00, 
697,155,0,0,0,1,0,0.00, 
698,156,0,0,0,1,0,0.00, 
699,156,0,0,0,1,0,0.00, 
700,157,0,0,0,1,0,0.00, 
701,157,0,0,0,1,0,0.00, 
702,158,0,0,0,1,0,0.00, 
703,158,0,0,0,1,0,0.00, 
704,158,0,0,0,1,0,0.00, 
705,158,0,0,0,1,0,0.00, 
706,158,0,0,0,1,0,0.00, 
707,158,0,0,0,1,0,0.00, 
708,158,3,0,0,1,0,0.00, 
709,159,0,0,0,1,0,0.00, 
710,159,0,0,0,1,0,0.00, 
711,160,0,0,0,1,0,0.00, 
712,162,0,0,0,1,0,0.00, 
713,162,0,0,0,1,0,0.00, 
714,163,0,0,0,1,0,0.00, 
715,163,0,0,0,1,0,0.00, 
716,163,0,0,0,1,0,0.00, 
717,164,0,0,0,1,0,0.00, 
718,165,0,0,0,1,0,0.00, 
719,166,0,0,0,1,0,0.00, 
720,166,3,0,0,1,0,0.00, 
721,166,0,0,0,1,0,0.00, 
722,166,0,0,0,1,0,0.00, 
723,167,0,0,0,1,0,0.00, 
724,167,0,0,0,1,0,0.00, 
725,167,0,0,0,1,0,0.00, 
726,167,0,0,0,1,0,0.00, 
727,167,0,0,0,1,0,0.00, 
728,167,0,0,0,1,0,0.00, 
729,167,0,0,0,1,0,0.00, 
730,168,0,0,0,1,0,0.00, 
731,168,0,0,0,1,0,0.00, 
732,168,3,0,0,1,0,0.00, 
733,168,0,0,0,1,0,0.00, 
734,168,0,0,0,1,0,0.00, 
735,168,0,0,0,1,0,0.00, 
736,168,0,0,0,1,0,0.00, 
737,168,0,0,0,1,0,0.00, 
738,168,0,0,0,1,0,0.00, 
739,167,0,0,0,1,0,0.00, 
740,167,0,0,0,1,0,0.00, 
741,167,0,0,0,1,0,0.00, 
742,167,0,0,0,1,0,0.00, 
743,166,0,0,0,1,0,0.00, 
744,166,4,0,0,1,0,0.00, 
745,166,0,0,0,1,0,0.00, 
746,166,0,0,0,1,0,0.00, 
747,166,0,0,0,1,0,0.00, 
748,166,0,0,0,1,0,0.00, 
749,166,0,0,0,1,0,0.00, 
750,166,0,0,0,1,0,0.00, 
751,166,0,0,0,1,0,0.00, 
752,166,0,0,0,1,0,0.00, 
753,166,0,0,0,1,0,0.00, 
754,166,0,0,0,1,0,0.00, 
755,167,0,0,0,1,0,0.00, 
756,168,3,0,0,1,0,0.00, 
757,170,0,0,0,1,0,0.00, 
758,170,0,0,0,1,0,0.00, 
759,170,0,0,0,1,0,0.00, 
760,170,0,0,0,1,0,0.00, 
761,170,0,0,0,1,0,0.00, 
762,170,0,0,0,1,0,0.00, 
763,170,0,0,0,1,0,0.00, 
764,170,0,0,0,1,0,0.00, 
765,170,0,0,0,1,0,0.00, 
766,170,0,0,0,1,0,0.00, 
767,170,0,0,0,1,0,0.00, 
768,170,3,0,0,1,0,0.00, 
769,170,0,0,0,1,0,0.00, 
770,171,0,0,0,1,0,0.00, 
771,172,0,0,0,1,0,0.00, 
772,172,0,0,0,1,0,0.00, 
773,172,0,0,0,1,0,0.00, 
774,172,0,0,0,1,0,0.00, 
775,172,0,0,0,1,0,0.00, 
776,172,0,0,0,1,0,0.00, 
777,172,0,0,0,1,0,0.00, 
778,173,0,0,0,1,0,0.00, 
779,173,0,0,0,1,0,0.00, 
780,173,4,0,0,1,0,0.00, 
781,173,0,0,0,1,0,0.00, 
782,173,0,0,0,1,0,0.00, 
783,173,0,0,0,1,0,0.00, 
784,173,0,0,0,1,0,0.00, 
785,173,0,0,0,1,0,0.00, 
786,173,0,0,0,1,0,0.00, 
787,171,0,0,0,1,0,0.00, 
788,171,0,0,0,1,0,0.00, 
789,170,0,0,0,1,0,0.00, 
790,170,0,0,0,1,0,0.00, 
791,170,0,0,0,1,0,0.00, 
792,170,3,0,0,1,0,0.00, 
793,170,0,0,0,1,0,0.00, 
794,170,0,0,0,1,0,0.00, 
795,170,0,0,0,1,0,0.00, 
796,170,0,0,0,1,0,0.00, 
797,169,0,0,0,1,0,0.00, 
798,169,0,0,0,1,0,0.00, 
799,169,0,0,0,1,0,0.00, 
800,169,0,0,0,1,0,0.00, 
801,169,0,0,0,1,0,0.00, 
802,168,0,0,0,1,0,0.00, 
803,168,0,0,0,1,0,0.00, 
804,168,3,0,0,1,0,0.00, 
805,168,0,0,0,1,0,0.00, 
806,168,0,0,0,1,0,0.00, 
807,168,0,0,0,1,0,0.00, 
808,168,0,0,0,1,0,0.00, 
809,167,0,0,0,1,0,0.00, 
810,167,0,0,0,1,0,0.00, 
811,167,0,0,0,1,0,0.00, 
812,167,0,0,0,1,0,0.00, 
813,167,0,0,0,1,0,0.00, 
814,167,0,0,0,1,0,0.00, 
815,167,0,0,0,1,0,0.00, 
816,167,4,0,0,1,0,0.00, 
817,167,0,0,0,1,0,0.00, 
818,167,0,0,0,1,0,0.00, 
819,166,0,0,0,1,0,0.00, 
820,166,0,0,0,1,0,0.00, 
821,166,0,0,0,1,0,0.00, 
822,166,0,0,0,1,0,0.00, 
823,166,0,0,0,1,0,0.00, 
824,165,0,0,0,1,0,0.00, 
825,165,0,0,0,1,0,0.00, 
826,164,0,0,0,1,0,0.00, 
827,164,0,0,0,1,0,0.00, 
828,164,3,0,0,1,0,0.00, 
829,164,0,0,0,1,0,0.00, 
830,164,0,0,0,1,0,0.00, 
831,164,0,0,0,1,0,0.00, 
832,165,0,0,0,1,0,0.00, 
833,168,0,0,0,1,0,0.00, 
834,169,0,0,0,1,0,0.00, 
835,170,0,0,0,1,0,0.00, 
836,171,0,0,0,1,0,0.00, 
837,171,0,0,0,1,0,0.00, 
838,171,0,0,0,1,0,0.00, 
839,171,0,0,0,1,0,0.00, 
840,171,3,0,0,1,0,0.00, 
841,171,0,0,0,1,0,0.00, 
842,171,0,0,0,1,0,0.00, 
843,172,0,0,0,1,0,0.00, 
844,172,0,0,0,1,0,0.00, 
845,173,0,0,0,1,0,0.00, 
846,173,0,0,0,1,0,0.00, 
847,173,0,0,0,1,0,0.00, 
848,173,0,0,0,1,0,0.00, 
849,174,0,0,0,1,0,0.00, 
850,174,0,0,0,1,0,0.00, 
851,174,0,0,0,1,0,0.00, 
852,174,3,0,0,1,0,0.00, 
853,174,0,0,0,1,0,0.00, 
854,174,0,0,0,1,0,0.00, 
855,174,0,0,0,1,0,0.00, 
856,173,0,0,0,1,0,0.00, 
857,173,0,0,0,1,0,0.00, 
858,173,0,0,0,1,0,0.00, 
859,173,0,0,0,1,0,0.00, 
860,173,0,0,0,1,0,0.00, 
861,173,0,0,0,1,0,0.00, 
862,173,0,0,0,1,0,0.00, 
863,173,0,0,0,1,0,0.00, 
864,173,4,0,0,1,0,0.00, 
865,173,0,0,0,1,0,0.00, 
866,173,0,0,0,1,0,0.00, 
867,173,0,0,0,1,0,0.00, 
868,173,0,0,0,1,0,0.00, 
869,173,0,0,0,1,0,0.00, 
870,173,0,0,0,1,0,0.00, 
871,172,0,0,0,1,0,0.00, 
872,172,0,0,0,1,0,0.00, 
873,172,0,0,0,1,0,0.00, 
874,171,0,0,0,1,0,0.00, 
875,172,0,0,0,1,0,0.00, 
876,172,3,0,0,1,0,0.00, 
877,171,0,0,0,1,0,0.00, 
878,172,0,0,0,1,0,0.00, 
879,172,0,0,0,1,0,0.00, 
880,172,0,0,0,1,0,0.00, 
881,172,0,0,0,1,0,0.00, 
882,172,0,0,0,1,0,0.00, 
883,173,0,0,0,1,0,0.00, 
884,172,0,0,0,1,0,0.00, 
885,172,0,0,0,1,0,0.00, 
886,172,0,0,0,1,0,0.00, 
887,172,0,0,0,1,0,0.00, 
888,172,4,0,0,1,0,0.00, 
889,172,0,0,0,1,0,0.00, 
890,172,0,0,0,1,0,0.00, 
891,172,0,0,0,1,0,0.00, 
892,172,0,0,0,1,0,0.00, 
893,172,0,0,0,1,0,0.00, 
894,172,0,0,0,1,0,0.00, 
895,172,0,0,0,1,0,0.00, 
896,172,0,0,0,1,0,0.00, 
897,172,0,0,0,1,0,0.00, 
898,172,0,0,0,1,0,0.00, 
899,172,0,0,0,1,0,0.00, 
900,172,3,0,0,1,0,0.00, 
901,172,0,0,0,1,0,0.00, 
902,171,0,0,0,1,0,0.00, 
903,171,0,0,0,1,0,0.00, 
904,169,0,0,0,1,0,0.00, 
905,169,0,0,0,1,0,0.00, 
906,169,0,0,0,1,0,0.00, 
907,169,0,0,0,1,0,0.00, 
908,169,0,0,0,1,0,0.00, 
909,169,0,0,0,1,0,0.00, 
910,169,0,0,0,1,0,0.00, 
911,169,0,0,0,1,0,0.00, 
912,169,3,0,0,1,0,0.00, 
913,169,0,0,0,1,0,0.00, 
914,169,0,0,0,1,0,0.00, 
915,169,0,0,0,1,0,0.00, 
916,170,0,0,0,1,0,0.00, 
917,170,0,0,0,1,0,0.00, 
918,170,0,0,0,1,0,0.00, 
919,170,0,0,0,1,0,0.00, 
920,170,0,0,0,1,0,0.00, 
921,170,0,0,0,1,0,0.00, 
922,170,0,0,0,1,0,0.00, 
923,170,0,0,0,1,0,0.00, 
924,171,4,0,0,1,0,0.00, 
925,172,0,0,0,1,0,0.00, 
926,174,0,0,0,1,0,0.00, 
927,174,0,0,0,1,0,0.00, 
928,174,0,0,0,1,0,0.00, 
929,175,0,0,0,1,0,0.00, 
930,176,0,0,0,1,0,0.00, 
931,176,0,0,0,1,0,0.00, 
932,176,0,0,0,1,0,0.00, 
933,177,0,0,0,1,0,0.00, 
934,178,0,0,0,1,0,0.00, 
935,178,0,0,0,1,0,0.00, 
936,179,3,0,0,1,0,0.00, 
937,180,0,0,0,1,0,0.00, 
938,180,0,0,0,1,0,0.00, 
939,180,0,0,0,1,0,0.00, 
940,181,0,0,0,1,0,0.00, 
941,181,0,0,0,1,0,0.00, 
942,181,0,0,0,1,0,0.00, 
943,181,0,0,0,1,0,0.00, 
944,181,0,0,0,1,0,0.00, 
945,181,0,0,0,1,0,0.00, 
946,181,0,0,0,1,0,0.00, 
947,181,0,0,0,1,0,0.00, 
948,181,4,0,0,1,0,0.00, 
949,181,0,0,0,1,0,0.00, 
950,181,0,0,0,1,0,0.00, 
951,182,0,0,0,1,0,0.00, 
952,182,0,0,0,1,0,0.00, 
953,182,0,0,0,1,0,0.00, 
954,182,0,0,0,1,0,0.00, 
955,182,0,0,0,1,0,0.00, 
956,182,0,0,0,1,0,0.00, 
957,182,0,0,0,1,0,0.00, 
958,182,0,0,0,1,0,0.00, 
959,182,0,0,0,1,0,0.00, 
960,182,4,0,0,1,0,0.00, 
961,181,0,0,0,1,0,0.00, 
962,182,0,0,0,1,0,0.00, 
963,183,0,0,0,1,0,0.00, 
964,183,0,0,0,1,0,0.00, 
965,182,0,0,0,1,0,0.00, 
966,182,0,0,0,1,0,0.00, 
967,183,0,0,0,1,0,0.00, 
968,183,0,0,0,1,0,0.00, 
969,183,0,0,0,1,0,0.00, 
970,183,0,0,0,1,0,0.00, 
971,183,0,0,0,1,0,0.00, 
972,183,3,0,0,1,0,0.00, 
973,183,0,0,0,1,0,0.00, 
974,183,0,0,0,1,0,0.00, 
975,182,0,0,0,1,0,0.00, 
976,182,0,0,0,1,0,0.00, 
977,182,0,0,0,1,0,0.00, 
978,182,0,0,0,1,0,0.00, 
979,182,0,0,0,1,0,0.00, 
980,182,0,0,0,1,0,0.00, 
981,182,0,0,0,1,0,0.00, 
982,182,0,0,0,1,0,0.00, 
983,182,0,0,0,1,0,0.00, 
984,182,4,0,0,1,0,0.00, 
985,182,0,0,0,1,0,0.00, 
986,182,0,0,0,1,0,0.00, 
987,182,0,0,0,1,0,0.00, 
988,183,0,0,0,1,0,0.00, 
989,183,0,0,0,1,0,0.00, 
990,184,0,0,0,1,0,0.00, 
991,183,0,0,0,1,0,0.00, 
992,184,0,0,0,1,0,0.00, 
993,184,0,0,0,1,0,0.00, 
994,184,0,0,0,1,0,0.00, 
995,184,0,0,0,1,0,0.00, 
996,184,4,0,0,1,0,0.00, 
997,183,0,0,0,1,0,0.00, 
998,183,0,0,0,1,0,0.00, 
999,183,0,0,0,1,0,0.00, 
1000,183,0,0,0,1,0,0.00, 
1001,183,0,0,0,1,0,0.00, 
1002,183,0,0,0,1,0,0.00, 
1003,183,0,0,0,1,0,0.00, 
1004,183,0,0,0,1,0,0.00, 
1005,183,0,0,0,1,0,0.00, 
1006,182,0,0,0,1,0,0.00, 
1007,182,0,0,0,1,0,0.00, 
1008,182,3,0,0,1,0,0.00, 
1009,182,0,0,0,1,0,0.00, 
1010,182,0,0,0,1,0,0.00, 
1011,182,0,0,0,1,0,0.00, 
1012,181,0,0,0,1,0,0.00, 
1013,181,0,0,0,1,0,0.00, 
1014,181,0,0,0,1,0,0.00, 
1015,183,0,0,0,1,0,0.00, 
1016,183,0,0,0,1,0,0.00, 
1017,183,0,0,0,1,0,0.00, 
1018,183,0,0,0,1,0,0.00, 
1019,183,0,0,0,1,0,0.00, 
1020,183,4,0,0,1,0,0.00, 
1021,183,0,0,0,1,0,0.00, 
1022,183,0,0,0,1,0,0.00, 
1023,183,0,0,0,1,0,0.00, 
1024,183,0,0,0,1,0,0.00, 
1025,183,0,0,0,1,0,0.00, 
1026,182,0,0,0,1,0,0.00, 
1027,182,0,0,0,1,0,0.00, 
1028,182,0,0,0,1,0,0.00, 
1029,182,0,0,0,1,0,0.00, 
1030,182,0,0,0,1,0,0.00, 
1031,182,0,0,0,1,0,0.00, 
1032,182,4,0,0,1,0,0.00, 
1033,182,0,0,0,1,0,0.00, 
1034,181,0,0,0,1,0,0.00, 
1035,181,0,0,0,1,0,0.00, 
1036,181,0,0,0,1,0,0.00, 
1037,181,0,0,0,1,0,0.00, 
1038,181,0,0,0,1,0,0.00, 
1039,180,0,0,0,1,0,0.00, 
1040,180,0,0,0,1,0,0.00, 
1041,180,0,0,0,1,0,0.00, 
1042,180,0,0,0,1,0,0.00, 
1043,180,0,0,0,1,0,0.00, 
1044,180,3,0,0,1,0,0.00, 
1045,180,0,0,0,1,0,0.00, 
1046,181,0,0,0,1,0,0.00, 
1047,181,0,0,0,1,0,0.00, 
1048,181,0,0,0,1,0,0.00, 
1049,181,0,0,0,1,0,0.00, 
1050,181,0,0,0,1,0,0.00, 
1051,181,0,0,0,1,0,0.00, 
1052,181,0,0,0,1,0,0.00, 
1053,181,0,0,0,1,0,0.00, 
1054,180,0,0,0,1,0,0.00, 
1055,180,0,0,0,1,0,0.00, 
1056,179,4,0,0,1,0,0.00, 
1057,179,0,0,0,1,0,0.00, 
1058,179,0,0,0,1,0,0.00, 
1059,179,0,0,0,1,0,0.00, 
1060,178,0,0,0,1,0,0.00, 
1061,178,0,0,0,1,0,0.00, 
1062,178,0,0,0,1,0,0.00, 
1063,178,0,0,0,1,0,0.00, 
1064,178,0,0,0,1,0,0.00, 
1065,178,0,0,0,1,0,0.00, 
1066,177,0,0,0,1,0,0.00, 
1067,176,0,0,0,1,0,0.00, 
1068,176,4,0,0,1,0,0.00, 
1069,177,0,0,0,1,0,0.00, 
1070,177,0,0,0,1,0,0.00, 
1071,176,0,0,0,1,0,0.00, 
1072,176,0,0,0,1,0,0.00, 
1073,176,0,0,0,1,0,0.00, 
1074,176,0,0,0,1,0,0.00, 
1075,176,0,0,0,1,0,0.00, 
1076,176,0,0,0,1,0,0.00, 
1077,176,0,0,0,1,0,0.00, 
1078,176,0,0,0,1,0,0.00, 
1079,176,0,0,0,1,0,0.00, 
1080,176,3,0,0,1,0,0.00, 
1081,176,0,0,0,1,0,0.00, 
1082,175,0,0,0,1,0,0.00, 
1083,175,0,0,0,1,0,0.00, 
1084,175,0,0,0,1,0,0.00, 
1085,175,0,0,0,1,0,0.00, 
1086,174,0,0,0,1,0,0.00, 
1087,174,0,0,0,1,0,0.00, 
1088,174,0,0,0,1,0,0.00, 
1089,174,0,0,0,1,0,0.00, 
1090,174,0,0,0,1,0,0.00, 
1091,174,0,0,0,1,0,0.00, 
1092,173,4,0,0,1,0,0.00, 
1093,173,0,0,0,1,0,0.00, 
1094,174,0,0,0,1,0,0.00, 
1095,174,0,0,0,1,0,0.00, 
1096,174,0,0,0,1,0,0.00, 
1097,174,0,0,0,1,0,0.00, 
1098,174,0,0,0,1,0,0.00, 
1099,174,0,0,0,1,0,0.00, 
1100,174,0,0,0,1,0,0.00, 
1101,174,0,0,0,1,0,0.00, 
1102,173,0,0,0,1,0,0.00, 
1103,173,0,0,0,1,0,0.00, 
1104,173,3,0,0,1,0,0.00, 
1105,172,0,0,0,1,0,0.00, 
1106,172,0,0,0,1,0,0.00, 
1107,172,0,0,0,1,0,0.00, 
1108,171,0,0,0,1,0,0.00, 
1109,171,0,0,0,1,0,0.00, 
1110,171,0,0,0,1,0,0.00, 
1111,171,0,0,0,1,0,0.00, 
1112,170,0,0,0,1,0,0.00, 
1113,170,0,0,0,1,0,0.00, 
1114,170,0,0,0,1,0,0.00, 
1115,170,0,0,0,1,0,0.00, 
1116,170,3,0,0,1,0,0.00, 
1117,170,0,0,0,1,0,0.00, 
1118,170,0,0,0,1,0,0.00, 
1119,170,0,0,0,1,0,0.00, 
1120,171,0,0,0,1,0,0.00, 
1121,171,0,0,0,1,0,0.00, 
1122,171,0,0,0,1,0,0.00, 
1123,171,0,0,0,1,0,0.00, 
1124,172,0,0,0,1,0,0.00, 
1125,172,0,0,0,1,0,0.00, 
1126,172,0,0,0,1,0,0.00, 
1127,172,0,0,0,1,0,0.00, 
1128,172,4,0,0,1,0,0.00, 
1129,172,0,0,0,1,0,0.00, 
1130,172,0,0,0,1,0,0.00, 
1131,172,0,0,0,1,0,0.00, 
1132,172,0,0,0,1,0,0.00, 
1133,172,0,0,0,1,0,0.00, 
1134,172,0,0,0,1,0,0.00, 
1135,172,0,0,0,1,0,0.00, 
1136,172,0,0,0,1,0,0.00, 
1137,172,0,0,0,1,0,0.00, 
1138,172,0,0,0,1,0,0.00, 
1139,172,0,0,0,1,0,0.00, 
1140,172,3,0,0,1,0,0.00, 
1141,172,0,0,0,1,0,0.00, 
1142,172,0,0,0,1,0,0.00, 
1143,173,0,0,0,1,0,0.00, 
1144,173,0,0,0,1,0,0.00, 
1145,173,0,0,0,1,0,0.00, 
1146,173,0,0,0,1,0,0.00, 
1147,173,0,0,0,1,0,0.00, 
1148,173,0,0,0,1,0,0.00, 
1149,173,0,0,0,1,0,0.00, 
1150,173,0,0,0,1,0,0.00, 
1151,173,0,0,0,1,0,0.00, 
1152,174,4,0,0,1,0,0.00, 
1153,174,0,0,0,1,0,0.00, 
1154,174,0,0,0,1,0,0.00, 
1155,174,0,0,0,1,0,0.00, 
1156,175,0,0,0,1,0,0.00, 
1157,175,0,0,0,1,0,0.00, 
1158,175,0,0,0,1,0,0.00, 
1159,175,0,0,0,1,0,0.00, 
1160,176,0,0,0,1,0,0.00, 
1161,176,0,0,0,1,0,0.00, 
1162,176,0,0,0,1,0,0.00, 
1163,176,0,0,0,1,0,0.00, 
1164,176,3,0,0,1,0,0.00, 
1165,176,0,0,0,1,0,0.00, 
1166,176,0,0,0,1,0,0.00, 
1167,176,0,0,0,1,0,0.00, 
1168,176,0,0,0,1,0,0.00, 
1169,176,0,0,0,1,0,0.00, 
1170,176,0,0,0,1,0,0.00, 
1171,176,0,0,0,1,0,0.00, 
1172,176,0,0,0,1,0,0.00, 
1173,176,0,0,0,1,0,0.00, 
1174,176,0,0,0,1,0,0.00, 
1175,176,0,0,0,1,0,0.00, 
1176,176,4,0,0,1,0,0.00, 
1177,176,0,0,0,1,0,0.00, 
1178,176,0,0,0,1,0,0.00, 
1179,176,0,0,0,1,0,0.00, 
1180,177,0,0,0,1,0,0.00, 
1181,177,0,0,0,1,0,0.00, 
1182,177,0,0,0,1,0,0.00, 
1183,177,0,0,0,1,0,0.00, 
1184,177,0,0,0,1,0,0.00, 
1185,177,0,0,0,1,0,0.00, 
1186,177,0,0,0,1,0,0.00, 
1187,178,0,0,0,1,0,0.00, 
1188,178,3,0,0,1,0,0.00, 
1189,178,0,0,0,1,0,0.00, 
1190,178,0,0,0,1,0,0.00, 
1191,179,0,0,0,1,0,0.00, 
1192,179,0,0,0,1,0,0.00, 
1193,180,0,0,0,1,0,0.00, 
1194,180,0,0,0,1,0,0.00, 
1195,181,0,0,0,1,0,0.00, 
1196,181,0,0,0,1,0,0.00, 
1197,182,0,0,0,1,0,0.00, 
1198,182,0,0,0,1,0,0.00, 
1199,182,0,0,0,1,0,0.00, 
1200,182,4,0,0,1,0,0.00, 
1201,183,0,0,0,1,0,0.00, 
1202,183,0,0,0,1,0,0.00, 
1203,182,0,0,0,1,0,0.00, 
1204,182,0,0,0,1,0,0.00, 
1205,183,0,0,0,1,0,0.00, 
1206,183,0,0,0,1,0,0.00, 
1207,183,0,0,0,1,0,0.00, 
1208,183,0,0,0,1,0,0.00, 
1209,183,0,0,0,1,0,0.00, 
1210,183,0,0,0,1,0,0.00, 
1211,183,0,0,0,1,0,0.00, 
1212,183,3,0,0,1,0,0.00, 
1213,183,0,0,0,1,0,0.00, 
1214,183,0,0,0,1,0,0.00, 
1215,183,0,0,0,1,0,0.00, 
1216,184,0,0,0,1,0,0.00, 
1217,184,0,0,0,1,0,0.00, 
1218,184,0,0,0,1,0,0.00, 
1219,184,0,0,0,1,0,0.00, 
1220,184,0,0,0,1,0,0.00, 
1221,184,0,0,0,1,0,0.00, 
1222,184,0,0,0,1,0,0.00, 
1223,184,0,0,0,1,0,0.00, 
1224,184,4,0,0,1,0,0.00, 
1225,184,0,0,0,1,0,0.00, 
1226,184,0,0,0,1,0,0.00, 
1227,184,0,0,0,1,0,0.00, 
1228,184,0,0,0,1,0,0.00, 
1229,184,0,0,0,1,0,0.00, 
1230,184,0,0,0,1,0,0.00, 
1231,184,0,0,0,1,0,0.00, 
1232,184,0,0,0,1,0,0.00, 
1233,184,0,0,0,1,0,0.00, 
1234,184,0,0,0,1,0,0.00, 
1235,184,0,0,0,1,0,0.00, 
1236,184,4,0,0,1,0,0.00, 
1237,184,0,0,0,1,0,0.00, 
1238,184,0,0,0,1,0,0.00, 
1239,184,0,0,0,1,0,0.00, 
1240,184,0,0,0,1,0,0.00, 
1241,184,0,0,0,1,0,0.00, 
1242,184,0,0,0,1,0,0.00, 
1243,184,0,0,0,1,0,0.00, 
1244,184,0,0,0,1,0,0.00, 
1245,184,0,0,0,1,0,0.00, 
1246,184,0,0,0,1,0,0.00, 
1247,184,0,0,0,1,0,0.00, 
1248,184,4,0,0,1,0,0.00, 
1249,184,0,0,0,1,0,0.00, 
1250,184,0,0,0,1,0,0.00, 
1251,184,0,0,0,1,0,0.00, 
1252,184,0,0,0,1,0,0.00, 
1253,184,0,0,0,1,0,0.00, 
1254,184,0,0,0,1,0,0.00, 
1255,184,0,0,0,1,0,0.00, 
1256,184,0,0,0,1,0,0.00, 
1257,184,0,0,0,1,0,0.00, 
1258,184,0,0,0,1,0,0.00, 
1259,184,0,0,0,1,0,0.00, 
1260,184,3,0,0,1,0,0.00, 
1261,183,0,0,0,1,0,0.00, 
1262,183,0,0,0,1,0,0.00, 
1263,183,0,0,0,1,0,0.00, 
1264,182,0,0,0,1,0,0.00, 
1265,181,0,0,0,1,0,0.00, 
1266,181,0,0,0,1,0,0.00, 
1267,181,0,0,0,1,0,0.00, 
1268,181,0,0,0,1,0,0.00, 
1269,181,0,0,0,1,0,0.00, 
1270,180,0,0,0,1,0,0.00, 
1271,180,0,0,0,1,0,0.00, 
1272,181,4,0,0,1,0,0.00, 
1273,181,0,0,0,1,0,0.00, 
1274,181,0,0,0,1,0,0.00, 
1275,181,0,0,0,1,0,0.00, 
1276,181,0,0,0,1,0,0.00, 
1277,181,0,0,0,1,0,0.00, 
1278,181,0,0,0,1,0,0.00, 
1279,182,0,0,0,1,0,0.00, 
1280,182,0,0,0,1,0,0.00, 
1281,182,0,0,0,1,0,0.00, 
1282,182,0,0,0,1,0,0.00, 
1283,182,0,0,0,1,0,0.00, 
1284,182,4,0,0,1,0,0.00, 
1285,182,0,0,0,1,0,0.00, 
1286,182,0,0,0,1,0,0.00, 
1287,181,0,0,0,1,0,0.00, 
1288,181,0,0,0,1,0,0.00, 
1289,181,0,0,0,1,0,0.00, 
1290,181,0,0,0,1,0,0.00, 
1291,181,0,0,0,1,0,0.00, 
1292,181,0,0,0,1,0,0.00, 
1293,181,0,0,0,1,0,0.00, 
1294,181,0,0,0,1,0,0.00, 
1295,181,0,0,0,1,0,0.00, 
1296,180,3,0,0,1,0,0.00, 
1297,180,0,0,0,1,0,0.00, 
1298,180,0,0,0,1,0,0.00, 
1299,180,0,0,0,1,0,0.00, 
1300,180,0,0,0,1,0,0.00, 
1301,180,0,0,0,1,0,0.00, 
1302,180,0,0,0,1,0,0.00, 
1303,180,0,0,0,1,0,0.00, 
1304,180,0,0,0,1,0,0.00, 
1305,180,0,0,0,1,0,0.00, 
1306,180,0,0,0,1,0,0.00, 
1307,180,0,0,0,1,0,0.00, 
1308,180,4,0,0,1,0,0.00, 
1309,180,0,0,0,1,0,0.00, 
1310,180,0,0,0,1,0,0.00, 
1311,180,0,0,0,1,0,0.00, 
1312,180,0,0,0,1,0,0.00, 
1313,181,0,0,0,1,0,0.00, 
1314,181,0,0,0,1,0,0.00, 
1315,181,0,0,0,1,0,0.00, 
1316,181,0,0,0,1,0,0.00, 
1317,181,0,0,0,1,0,0.00, 
1318,181,0,0,0,1,0,0.00, 
1319,181,0,0,0,1,0,0.00, 
1320,181,4,0,0,1,0,0.00, 
1321,181,0,0,0,1,0,0.00, 
1322,181,0,0,0,1,0,0.00, 
1323,181,0,0,0,1,0,0.00, 
1324,181,0,0,0,1,0,0.00, 
1325,181,0,0,0,1,0,0.00, 
1326,181,0,0,0,1,0,0.00, 
1327,181,0,0,0,1,0,0.00, 
1328,181,0,0,0,1,0,0.00, 
1329,180,0,0,0,1,0,0.00, 
1330,180,0,0,0,1,0,0.00, 
1331,180,0,0,0,1,0,0.00, 
1332,180,3,0,0,1,0,0.00, 
1333,180,0,0,0,1,0,0.00, 
1334,180,0,0,0,1,0,0.00, 
1335,180,0,0,0,1,0,0.00, 
1336,181,0,0,0,1,0,0.00, 
1337,181,0,0,0,1,0,0.00, 
1338,181,0,0,0,1,0,0.00, 
1339,181,0,0,0,1,0,0.00, 
1340,181,0,0,0,1,0,0.00, 
1341,181,0,0,0,1,0,0.00, 
1342,181,0,0,0,1,0,0.00, 
1343,181,0,0,0,1,0,0.00, 
1344,182,4,0,0,1,0,0.00, 
1345,182,0,0,0,1,0,0.00, 
1346,182,0,0,0,1,0,0.00, 
1347,182,0,0,0,1,0,0.00, 
1348,183,0,0,0,1,0,0.00, 
1349,182,0,0,0,1,0,0.00, 
1350,182,0,0,0,1,0,0.00, 
1351,182,0,0,0,1,0,0.00, 
1352,183,0,0,0,1,0,0.00, 
1353,183,0,0,0,1,0,0.00, 
1354,184,0,0,0,1,0,0.00, 
1355,184,0,0,0,1,0,0.00, 
1356,184,4,0,0,1,0,0.00, 
1357,184,0,0,0,1,0,0.00, 
1358,184,0,0,0,1,0,0.00, 
1359,184,0,0,0,1,0,0.00, 
1360,184,0,0,0,1,0,0.00, 
1361,184,0,0,0,1,0,0.00, 
1362,185,0,0,0,1,0,0.00, 
1363,185,0,0,0,1,0,0.00, 
1364,185,0,0,0,1,0,0.00, 
1365,185,0,0,0,1,0,0.00, 
1366,185,0,0,0,1,0,0.00, 
1367,185,0,0,0,1,0,0.00, 
1368,185,4,0,0,1,0,0.00, 
1369,186,0,0,0,1,0,0.00, 
1370,185,0,0,0,1,0,0.00, 
1371,185,0,0,0,1,0,0.00, 
1372,185,0,0,0,1,0,0.00, 
1373,185,0,0,0,1,0,0.00, 
1374,185,0,0,0,1,0,0.00, 
1375,185,0,0,0,1,0,0.00, 
1376,185,0,0,0,1,0,0.00, 
1377,185,0,0,0,1,0,0.00, 
1378,185,0,0,0,1,0,0.00, 
1379,184,0,0,0,1,0,0.00, 
1380,184,3,0,0,1,0,0.00, 
1381,184,0,0,0,1,0,0.00, 
1382,184,0,0,0,1,0,0.00, 
1383,185,0,0,0,1,0,0.00, 
1384,185,0,0,0,1,0,0.00, 
1385,185,0,0,0,1,0,0.00, 
1386,184,0,0,0,1,0,0.00, 
1387,184,0,0,0,1,0,0.00, 
1388,184,0,0,0,1,0,0.00, 
1389,184,0,0,0,1,0,0.00, 
1390,184,0,0,0,1,0,0.00, 
1391,184,0,0,0,1,0,0.00, 
1392,184,4,0,0,1,0,0.00, 
1393,184,0,0,0,1,0,0.00, 
1394,184,0,0,0,1,0,0.00, 
1395,184,0,0,0,1,0,0.00, 
1396,184,0,0,0,1,0,0.00, 
1397,184,0,0,0,1,0,0.00, 
1398,184,0,0,0,1,0,0.00, 
1399,184,0,0,0,1,0,0.00, 
1400,185,0,0,0,1,0,0.00, 
1401,186,0,0,0,1,0,0.00, 
1402,185,0,0,0,1,0,0.00, 
1403,185,0,0,0,1,0,0.00, 
1404,185,4,0,0,1,0,0.00, 
1405,185,0,0,0,1,0,0.00, 
1406,185,0,0,0,1,0,0.00, 
1407,185,0,0,0,1,0,0.00, 
1408,185,0,0,0,1,0,0.00, 
1409,185,0,0,0,1,0,0.00, 
1410,185,0,0,0,1,0,0.00, 
1411,184,0,0,0,1,0,0.00, 
1412,184,0,0,0,1,0,0.00, 
1413,184,0,0,0,1,0,0.00, 
1414,184,0,0,0,1,0,0.00, 
1415,184,0,0,0,1,0,0.00, 
1416,184,4,0,0,1,0,0.00, 
1417,183,0,0,0,1,0,0.00, 
1418,183,0,0,0,1,0,0.00, 
1419,183,0,0,0,1,0,0.00, 
1420,183,0,0,0,1,0,0.00, 
1421,183,0,0,0,1,0,0.00, 
1422,183,0,0,0,1,0,0.00, 
1423,183,0,0,0,1,0,0.00, 
1424,183,0,0,0,1,0,0.00, 
1425,183,0,0,0,1,0,0.00, 
1426,183,0,0,0,1,0,0.00, 
1427,183,0,0,0,1,0,0.00, 
1428,183,3,0,0,1,0,0.00, 
1429,183,0,0,0,1,0,0.00, 
1430,183,0,0,0,1,0,0.00, 
1431,183,0,0,0,1,0,0.00, 
1432,183,0,0,0,1,0,0.00, 
1433,182,0,0,0,1,0,0.00, 
1434,182,0,0,0,1,0,0.00, 
1435,182,0,0,0,1,0,0.00, 
1436,181,0,0,0,1,0,0.00, 
1437,181,0,0,0,1,0,0.00, 
1438,181,0,0,0,1,0,0.00, 
1439,178,0,0,0,1,0,0.00, 
1440,177,4,0,0,1,0,0.00, 
1441,177,0,0,0,1,0,0.00, 
1442,176,0,0,0,1,0,0.00, 
1443,175,0,0,0,1,0,0.00, 
1444,174,0,0,0,1,0,0.00, 
1445,174,0,0,0,1,0,0.00, 
1446,174,0,0,0,1,0,0.00, 
1447,173,0,0,0,1,0,0.00, 
1448,172,0,0,0,1,0,0.00, 
1449,172,0,0,0,1,0,0.00, 
1450,171,0,0,0,1,0,0.00, 
1451,171,0,0,0,1,0,0.00, 
1452,171,3,0,0,1,0,0.00, 
1453,170,0,0,0,1,0,0.00, 
1454,170,0,0,0,1,0,0.00, 
1455,169,0,0,0,1,0,0.00, 
1456,168,0,0,0,1,0,0.00, 
1457,168,0,0,0,1,0,0.00, 
1458,167,0,0,0,1,0,0.00, 
1459,167,0,0,0,1,0,0.00, 
1460,167,0,0,0,1,0,0.00, 
1461,167,0,0,0,1,0,0.00, 
1462,167,0,0,0,1,0,0.00, 
1463,166,0,0,0,1,0,0.00, 
1464,166,4,0,0,1,0,0.00, 
1465,165,0,0,0,1,0,0.00, 
1466,165,0,0,0,1,0,0.00, 
1467,164,0,0,0,1,0,0.00, 
1468,164,0,0,0,1,0,0.00, 
1469,163,0,0,0,1,0,0.00, 
1470,162,0,0,0,1,0,0.00, 
1471,161,0,0,0,1,0,0.00, 
1472,161,0,0,0,1,0,0.00, 
1473,161,0,0,0,1,0,0.00, 
1474,160,0,0,0,1,0,0.00, 
1475,160,0,0,0,1,0,0.00, 
1476,160,3,0,0,1,0,0.00, 
1477,160,0,0,0,1,0,0.00, 
1478,160,0,0,0,1,0,0.00, 
1479,160,0,0,0,1,0,0.00, 
1480,160,0,0,0,1,0,0.00, 
1481,160,0,0,0,1,0,0.00, 
1482,160,0,0,0,1,0,0.00, 
1483,160,0,0,0,1,0,0.00, 
1484,160,0,0,0,1,0,0.00, 
1485,160,0,0,0,1,0,0.00, 
1486,160,0,0,0,1,0,0.00, 
1487,159,0,0,0,1,0,0.00, 
1488,159,3,0,0,1,0,0.00, 
1489,160,0,0,0,1,0,0.00, 
1490,160,0,0,0,1,0,0.00, 
1491,161,0,0,0,1,0,0.00, 
1492,161,0,0,0,1,0,0.00, 
1493,161,0,0,0,1,0,0.00, 
1494,161,0,0,0,1,0,0.00, 
1495,159,0,0,0,1,0,0.00, 
1496,158,0,0,0,1,0,0.00, 
1497,158,0,0,0,1,0,0.00, 
1498,158,0,0,0,1,0,0.00, 
1499,158,0,0,0,1,0,0.00, 
1500,158,3,0,0,1,0,0.00, 
1501,158,0,0,0,1,0,0.00, 
1502,158,0,0,0,1,0,0.00, 
1503,158,0,0,0,1,0,0.00, 
1504,158,0,0,0,1,0,0.00, 
1505,158,0,0,0,1,0,0.00, 
1506,158,0,0,0,1,0,0.00, 
1507,158,0,0,0,1,0,0.00, 
1508,158,0,0,0,1,0,0.00, 
1509,158,0,0,0,1,0,0.00, 
1510,158,0,0,0,1,0,0.00, 
1511,158,0,0,0,1,0,0.00, 
1512,159,3,0,0,1,0,0.00, 
1513,161,0,0,0,1,0,0.00, 
1514,161,0,0,0,1,0,0.00, 
1515,160,0,0,0,1,0,0.00, 
1516,161,0,0,0,1,0,0.00, 
1517,161,0,0,0,1,0,0.00, 
1518,161,0,0,0,1,0,0.00, 
1519,161,0,0,0,1,0,0.00, 
1520,161,0,0,0,1,0,0.00, 
1521,161,0,0,0,1,0,0.00, 
1522,161,0,0,0,1,0,0.00, 
1523,161,0,0,0,1,0,0.00, 
1524,161,3,0,0,1,0,0.00, 
1525,160,0,0,0,1,0,0.00, 
1526,160,0,0,0,1,0,0.00, 
1527,159,0,0,0,1,0,0.00, 
1528,159,0,0,0,1,0,0.00, 
1529,159,0,0,0,1,0,0.00, 
1530,159,0,0,0,1,0,0.00, 
1531,158,0,0,0,1,0,0.00, 
1532,158,0,0,0,1,0,0.00, 
1533,158,0,0,0,1,0,0.00, 
1534,158,0,0,0,1,0,0.00, 
1535,158,0,0,0,1,0,0.00, 
1536,157,3,0,0,1,0,0.00, 
1537,157,0,0,0,1,0,0.00, 
1538,157,0,0,0,1,0,0.00, 
1539,157,0,0,0,1,0,0.00, 
1540,157,0,0,0,1,0,0.00, 
1541,157,0,0,0,1,0,0.00, 
1542,157,0,0,0,1,0,0.00, 
1543,157,0,0,0,1,0,0.00, 
1544,157,0,0,0,1,0,0.00, 
1545,156,0,0,0,1,0,0.00, 
1546,156,0,0,0,1,0,0.00, 
1547,156,0,0,0,1,0,0.00, 
1548,156,3,0,0,1,0,0.00, 
1549,156,0,0,0,1,0,0.00, 
1550,155,0,0,0,1,0,0.00, 
1551,155,0,0,0,1,0,0.00, 
1552,155,0,0,0,1,0,0.00, 
1553,155,0,0,0,1,0,0.00, 
1554,154,0,0,0,1,0,0.00, 
1555,154,0,0,0,1,0,0.00, 
1556,154,0,0,0,1,0,0.00, 
1557,153,0,0,0,1,0,0.00, 
1558,153,0,0,0,1,0,0.00, 
1559,153,0,0,0,1,0,0.00, 
1560,154,3,0,0,1,0,0.00, 
1561,153,0,0,0,1,0,0.00, 
1562,153,0,0,0,1,0,0.00, 
1563,153,0,0,0,1,0,0.00, 
1564,152,0,0,0,1,0,0.00, 
1565,152,0,0,0,1,0,0.00, 
1566,152,0,0,0,1,0,0.00, 
1567,152,0,0,0,1,0,0.00, 
1568,152,0,0,0,1,0,0.00, 
1569,152,0,0,0,1,0,0.00, 
1570,152,0,0,0,1,0,0.00, 
1571,152,0,0,0,1,0,0.00, 
1572,152,2,0,0,1,0,0.00, 
1573,152,0,0,0,1,0,0.00, 
1574,152,0,0,0,1,0,0.00, 
1575,151,0,0,0,1,0,0.00, 
1576,150,0,0,0,1,0,0.00, 
1577,150,0,0,0,1,0,0.00, 
1578,150,0,0,0,1,0,0.00, 
1579,150,0,0,0,1,0,0.00, 
1580,150,0,0,0,1,0,0.00, 
1581,147,0,0,0,1,0,0.00, 
1582,146,0,0,0,1,0,0.00, 
1583,145,0,0,0,1,0,0.00, 
1584,144,3,0,0,1,0,0.00, 
1585,144,0,0,0,1,0,0.00, 
1586,145,0,0,0,1,0,0.00, 
1587,145,0,0,0,1,0,0.00, 
1588,145,0,0,0,1,0,0.00, 
1589,145,0,0,0,1,0,0.00, 
1590,144,0,0,0,1,0,0.00, 
1591,144,0,0,0,1,0,0.00, 
1592,144,0,0,0,1,0,0.00, 
1593,144,0,0,0,1,0,0.00, 
1594,144,0,0,0,1,0,0.00, 
1595,143,0,0,0,1,0,0.00, 
1596,143,3,0,0,1,0,0.00, 
1597,143,0,0,0,1,0,0.00, 
1598,143,0,0,0,1,0,0.00, 
1599,143,0,0,0,1,0,0.00, 
1600,143,0,0,0,1,0,0.00, 
1601,143,0,0,0,1,0,0.00, 
1602,143,0,0,0,1,0,0.00, 
1603,143,0,0,0,1,0,0.00, 
1604,143,0,0,0,1,0,0.00, 
1605,143,0,0,0,1,0,0.00, 
1606,143,0,0,0,1,0,0.00, 
1607,143,0,0,0,1,0,0.00, 
1608,143,2,0,0,1,0,0.00, 
1609,143,0,0,0,1,0,0.00, 
1610,142,0,0,0,1,0,0.00, 
1611,142,0,0,0,1,0,0.00, 
1612,142,0,0,0,1,0,0.00, 
1613,141,0,0,0,1,0,0.00, 
1614,141,0,0,0,1,0,0.00, 
1615,141,0,0,0,1,0,0.00, 
1616,141,0,0,0,1,0,0.00, 
1617,142,0,0,0,1,0,0.00, 
1618,143,0,0,0,1,0,0.00, 
1619,144,0,0,0,1,0,0.00, 
1620,145,3,0,0,1,0,0.00, 
1621,145,0,0,0,1,0,0.00, 
1622,145,0,0,0,1,0,0.00, 
1623,145,0,0,0,1,0,0.00, 
1624,145,0,0,0,1,0,0.00, 
1625,145,0,0,0,1,0,0.00, 
1626,145,0,0,0,1,0,0.00, 
1627,145,0,0,0,1,0,0.00, 
1628,145,0,0,0,1,0,0.00, 
1629,145,0,0,0,1,0,0.00, 
1630,145,0,0,0,1,0,0.00, 
1631,144,0,0,0,1,0,0.00, 
1632,142,2,0,0,1,0,0.00, 
1633,142,0,0,0,1,0,0.00, 
1634,140,0,0,0,1,0,0.00, 
1635,139,0,0,0,1,0,0.00, 
1636,138,0,0,0,1,0,0.00, 
1637,138,0,0,0,1,0,0.00, 
1638,138,0,0,0,1,0,0.00, 
1639,138,0,0,0,1,0,0.00, 
1640,138,0,0,0,1,0,0.00, 
1641,138,0,0,0,1,0,0.00, 
1642,138,0,0,0,1,0,0.00, 
1643,138,0,0,0,1,0,0.00, 
1644,138,3,0,0,1,0,0.00, 
1645,138,0,0,0,1,0,0.00, 
1646,135,0,0,0,1,0,0.00, 
1647,134,0,0,0,1,0,0.00, 
1648,133,0,0,0,1,0,0.00, 
1649,134,0,0,0,1,0,0.00, 
1650,134,0,0,0,1,0,0.00, 
1651,134,0,0,0,1,0,0.00, 
1652,133,0,0,0,1,0,0.00, 
1653,133,0,0,0,1,0,0.00, 
1654,132,0,0,0,1,0,0.00, 
1655,132,0,0,0,1,0,0.00, 
1656,132,2,0,0,1,0,0.00, 
1657,132,0,0,0,1,0,0.00, 
1658,130,0,0,0,1,0,0.00, 
1659,129,0,0,0,1,0,0.00, 
1660,129,0,0,0,1,0,0.00, 
1661,128,0,0,0,1,0,0.00, 
1662,127,0,0,0,1,0,0.00, 
1663,128,0,0,0,1,0,0.00, 
1664,128,0,0,0,1,0,0.00, 
1665,128,0,0,0,1,0,0.00, 
1666,128,0,0,0,1,0,0.00, 
1667,127,0,0,0,1,0,0.00, 
1668,128,2,0,0,1,0,0.00, 
1669,128,0,0,0,1,0,0.00, 
1670,129,0,0,0,1,0,0.00, 
1671,129,0,0,0,1,0,0.00, 
1672,128,0,0,0,1,0,0.00, 
1673,129,0,0,0,1,0,0.00, 
1674,130,0,0,0,1,0,0.00, 
1675,130,0,0,0,1,0,0.00, 
1676,130,0,0,0,1,0,0.00, 
1677,130,0,0,0,1,0,0.00, 
1678,130,0,0,0,1,0,0.00, 
1679,130,0,0,0,1,0,0.00, 
1680,129,2,0,0,1,0,0.00, 
1681,129,0,0,0,1,0,0.00, 
1682,128,0,0,0,1,0,0.00, 
1683,128,0,0,0,1,0,0.00, 
1684,130,0,0,0,1,0,0.00, 
1685,131,0,0,0,1,0,0.00, 
1686,132,0,0,0,1,0,0.00, 
1687,132,0,0,0,1,0,0.00, 
1688,132,0,0,0,1,0,0.00, 
1689,132,0,0,0,1,0,0.00, 
1690,133,0,0,0,1,0,0.00, 
1691,133,0,0,0,1,0,0.00, 
1692,134,2,0,0,1,0,0.00, 
1693,134,0,0,0,1,0,0.00, 
1694,135,0,0,0,1,0,0.00, 
1695,136,0,0,0,1,0,0.00, 
1696,135,0,0,0,1,0,0.00, 
1697,134,0,0,0,1,0,0.00, 
1698,133,0,0,0,1,0,0.00, 
1699,133,0,0,0,1,0,0.00, 
1700,133,0,0,0,1,0,0.00, 
1701,134,0,0,0,1,0,0.00, 
1702,134,0,0,0,1,0,0.00, 
1703,135,0,0,0,1,0,0.00, 
1704,135,2,0,(null),1,0,0.00, 
1705,134,0,0,0,1,0,0.00, 
1706,133,0,0,0,1,0,0.00, 
1707,133,0,0,0,1,0,0.00, 
1708,134,0,0,0,1,0,0.00, 
1709,135,0,0,0,1,0,0.00, 
1710,135,0,0,0,1,0,0.00, 
1711,134,0,0,0,1,0,0.00, 
1712,134,0,0,0,1,0,0.00, 
1713,133,0,0,0,1,0,0.00, 
1714,133,0,0,0,1,0,0.00, 
1715,134,0,0,0,1,0,0.00, 
1716,134,3,0,(null),1,0,0.00, 
1717,134,0,0,0,1,0,0.00, 
1718,134,0,0,0,1,0,0.00, 
1719,134,0,0,0,1,0,0.00, 
1720,134,0,0,0,1,0,0.00, 
1721,134,0,0,0,1,0,0.00, 
1722,133,0,0,0,1,0,0.00, 
1723,131,0,0,0,1,0,0.00, 
1724,130,0,0,0,1,0,0.00, 
1725,129,0,0,0,1,0,0.00, 
1726,128,0,0,0,1,0,0.00, 
1727,127,0,0,0,1,0,0.00, 
1728,128,2,0,(null),1,0,0.00, 
1729,128,0,0,0,1,0,0.00, 
1730,128,0,0,0,1,0,0.00, 
1731,128,0,0,0,1,0,0.00, 
1732,128,0,0,0,1,0,0.00, 
1733,129,0,0,0,1,0,0.00, 
1734,130,0,0,0,1,0,0.00, 
1735,130,0,0,0,1,0,0.00, 
1736,130,0,0,0,1,0,0.00, 
1737,130,0,0,0,1,0,0.00, 
1738,130,0,0,0,1,0,0.00, 
1739,130,0,0,0,1,0,0.00, 
1740,131,2,0,(null),1,0,0.00, 
1741,131,0,0,0,1,0,0.00, 
1742,131,0,0,0,1,0,0.00, 
1743,133,0,0,0,1,0,0.00, 
1744,133,0,0,0,1,0,0.00, 
1745,134,0,0,0,1,0,0.00, 
1746,134,0,0,0,1,0,0.00, 
1747,135,0,0,0,1,0,0.00, 
1748,135,0,0,0,1,0,0.00, 
1749,135,0,0,0,1,0,0.00, 
1750,135,0,0,0,1,0,0.00, 
1751,135,0,0,0,1,0,0.00, 
1752,135,2,0,(null),1,0,0.00, 
1753,137,0,0,0,1,0,0.00, 
1754,140,0,0,0,1,0,0.00, 
1755,141,0,0,0,1,0,0.00, 
1756,141,0,0,0,1,0,0.00, 
1757,140,0,0,0,1,0,0.00, 
1758,140,0,0,0,1,0,0.00, 
1759,141,0,0,0,1,0,0.00, 
1760,142,0,0,0,1,0,0.00, 
1761,144,0,0,0,1,0,0.00, 
1762,144,0,0,0,1,0,0.00, 
1763,144,0,0,0,1,0,0.00, 
1764,144,3,0,(null),1,0,0.00, 
1765,144,0,0,0,1,0,0.00, 
1766,144,0,0,0,1,0,0.00, 
1767,145,0,0,0,1,0,0.00, 
1768,145,0,0,0,1,0,0.00, 
1769,145,0,0,0,1,0,0.00, 
1770,145,0,0,0,1,0,0.00, 
1771,146,0,0,0,1,0,0.00, 
1772,146,0,0,0,1,0,0.00, 
1773,146,0,0,0,1,0,0.00, 
1774,146,0,0,0,1,0,0.00, 
1775,146,0,0,0,1,0,0.00, 
1776,147,2,0,(null),1,0,0.00, 
1777,150,0,0,0,1,0,0.00, 
1778,152,0,0,0,1,0,0.00, 
1779,153,0,0,0,1,0,0.00, 
1780,154,0,0,0,1,0,0.00, 
1781,155,0,0,0,1,0,0.00, 
1782,156,0,0,0,1,0,0.00, 
1783,158,0,0,0,1,0,0.00, 
1784,160,0,0,0,1,0,0.00, 
1785,161,0,0,0,1,0,0.00, 
1786,162,0,0,0,1,0,0.00, 
1787,162,0,0,0,1,0,0.00, 
1788,162,3,0,(null),1,0,0.00, 
1789,162,0,0,0,1,0,0.00, 
1790,162,0,0,0,1,0,0.00, 
1791,163,0,0,0,1,0,0.00, 
1792,163,0,0,0,1,0,0.00, 
1793,163,0,0,0,1,0,0.00, 
1794,163,0,0,0,1,0,0.00, 
1795,163,0,0,0,1,0,0.00, 
1796,163,0,0,0,1,0,0.00, 
1797,163,0,0,0,1,0,0.00, 
1798,164,0,0,0,1,0,0.00, 
1799,164,0,0,0,1,0,0.00, 
1800,164,3,0,(null),1,0,0.00, 
1801,164,0,0,0,1,0,0.00, 
1802,164,0,0,0,1,0,0.00, 
1803,164,0,0,0,1,0,0.00, 
1804,164,0,0,0,1,0,0.00, 
1805,164,0,0,0,1,0,0.00, 
1806,163,0,0,0,1,0,0.00, 
1807,163,0,0,0,1,0,0.00, 
1808,163,0,0,0,1,0,0.00, 
1809,163,0,0,0,1,0,0.00, 
1810,163,0,0,0,1,0,0.00, 
1811,163,0,0,0,1,0,0.00, 
1812,163,3,0,(null),1,0,0.00, 
1813,163,0,0,0,1,0,0.00, 
1814,163,0,0,0,1,0,0.00, 
1815,163,0,0,0,1,0,0.00, 
1816,163,0,0,0,1,0,0.00, 
1817,163,0,0,0,1,0,0.00, 
1818,163,0,0,0,1,0,0.00, 
1819,163,0,0,0,1,0,0.00, 
1820,163,0,0,0,1,0,0.00, 
1821,162,0,0,0,1,0,0.00, 
1822,162,0,0,0,1,0,0.00, 
1823,161,0,0,0,1,0,0.00, 
1824,161,4,0,(null),1,0,0.00, 
1825,161,0,0,0,1,0,0.00, 
1826,161,0,0,0,1,0,0.00, 
1827,161,0,0,0,1,0,0.00, 
1828,160,0,0,0,1,0,0.00, 
1829,160,0,0,0,1,0,0.00, 
1830,160,0,0,0,1,0,0.00, 
1831,159,0,0,0,1,0,0.00, 
1832,159,0,0,0,1,0,0.00, 
1833,159,0,0,0,1,0,0.00, 
1834,159,0,0,0,1,0,0.00, 
1835,158,0,0,0,1,0,0.00, 
1836,158,3,0,(null),1,0,0.00, 
1837,158,0,0,0,1,0,0.00, 
1838,157,0,0,0,1,0,0.00, 
1839,156,0,0,0,1,0,0.00, 
1840,156,0,0,0,1,0,0.00, 
1841,156,0,0,0,1,0,0.00, 
1842,156,0,0,0,1,0,0.00, 
1843,156,0,0,0,1,0,0.00, 
1844,156,0,0,0,1,0,0.00, 
1845,155,0,0,0,1,0,0.00, 
1846,154,0,0,0,1,0,0.00, 
1847,154,0,0,0,1,0,0.00, 
1848,154,2,0,(null),1,0,0.00, 
1849,154,0,0,0,1,0,0.00, 
1850,154,0,0,0,1,0,0.00, 
1851,153,0,0,0,1,0,0.00, 
1852,153,0,0,0,1,0,0.00, 
1853,154,0,0,0,1,0,0.00, 
1854,153,0,0,0,1,0,0.00, 
1855,153,0,0,0,1,0,0.00, 
1856,153,0,0,0,1,0,0.00, 
1857,152,0,0,0,1,0,0.00, 
1858,152,0,0,0,1,0,0.00, 
1859,152,0,0,0,1,0,0.00, 
1860,152,3,0,(null),1,0,0.00, 
1861,152,0,0,0,1,0,0.00, 
1862,152,0,0,0,1,0,0.00, 
1863,152,0,0,0,1,0,0.00, 
1864,152,0,0,0,1,0,0.00, 
1865,152,0,0,0,1,0,0.00, 
1866,152,0,0,0,1,0,0.00, 
1867,152,0,0,0,1,0,0.00, 
1868,151,0,0,0,1,0,0.00, 
1869,151,0,0,0,1,0,0.00, 
1870,151,0,0,0,1,0,0.00, 
1871,151,0,0,0,1,0,0.00, 
1872,151,3,0,(null),1,0,0.00, 
1873,151,0,0,0,1,0,0.00, 
1874,151,0,0,0,1,0,0.00, 
1875,150,0,0,0,1,0,0.00, 
1876,150,0,0,0,1,0,0.00, 
1877,150,0,0,0,1,0,0.00, 
1878,150,0,0,0,1,0,0.00, 
1879,150,0,0,0,1,0,0.00, 
1880,150,0,0,0,1,0,0.00, 
1881,151,0,0,0,1,0,0.00, 
1882,150,0,0,0,1,0,0.00, 
1883,150,0,0,0,1,0,0.00, 
1884,151,3,0,(null),1,0,0.00, 
1885,151,0,0,0,1,0,0.00, 
1886,151,0,0,0,1,0,0.00, 
1887,151,0,0,0,1,0,0.00, 
1888,151,0,0,0,1,0,0.00, 
1889,151,0,0,0,1,0,0.00, 
1890,151,0,0,0,1,0,0.00, 
1891,151,0,0,0,1,0,0.00, 
1892,151,0,0,0,1,0,0.00, 
1893,151,0,0,0,1,0,0.00, 
1894,151,0,0,0,1,0,0.00, 
1895,151,0,0,0,1,0,0.00, 
1896,151,2,0,(null),1,0,0.00, 
1897,151,0,0,0,1,0,0.00, 
1898,151,0,0,0,1,0,0.00, 
1899,151,0,0,0,1,0,0.00, 
1900,151,0,0,0,1,0,0.00, 
1901,150,0,0,0,1,0,0.00, 
1902,150,0,0,0,1,0,0.00, 
1903,150,0,0,0,1,0,0.00, 
1904,150,0,0,0,1,0,0.00, 
1905,150,0,0,0,1,0,0.00, 
1906,151,0,0,0,1,0,0.00, 
1907,151,0,0,0,1,0,0.00, 
1908,151,3,0,(null),1,0,0.00, 
1909,153,0,0,0,1,0,0.00, 
1910,153,0,0,0,1,0,0.00, 
1911,154,0,0,0,1,0,0.00, 
1912,154,0,0,0,1,0,0.00, 
1913,155,0,0,0,1,0,0.00, 
1914,155,0,0,0,1,0,0.00, 
1915,155,0,0,0,1,0,0.00, 
1916,155,0,0,0,1,0,0.00, 
1917,155,0,0,0,1,0,0.00, 
1918,155,0,0,0,1,0,0.00, 
1919,155,0,0,0,1,0,0.00, 
1920,155,3,0,(null),1,0,0.00, 
1921,154,0,0,0,1,0,0.00, 
1922,155,0,0,0,1,0,0.00, 
1923,156,0,0,0,1,0,0.00, 
1924,157,0,0,0,1,0,0.00, 
1925,157,0,0,0,1,0,0.00, 
1926,157,0,0,0,1,0,0.00, 
1927,157,0,0,0,1,0,0.00, 
1928,157,0,0,0,1,0,0.00, 
1929,157,0,0,0,1,0,0.00, 
1930,157,0,0,0,1,0,0.00, 
1931,157,0,0,0,1,0,0.00, 
1932,157,3,0,(null),1,0,0.00, 
1933,158,0,0,0,1,0,0.00, 
1934,158,0,0,0,1,0,0.00, 
1935,158,0,0,0,1,0,0.00, 
1936,158,0,0,0,1,0,0.00, 
1937,159,0,0,0,1,0,0.00, 
1938,159,0,0,0,1,0,0.00, 
1939,160,0,0,0,1,0,0.00, 
1940,160,0,0,0,1,0,0.00, 
1941,160,0,0,0,1,0,0.00, 
1942,160,0,0,0,1,0,0.00, 
1943,160,0,0,0,1,0,0.00, 
1944,160,3,0,(null),1,0,0.00, 
1945,160,0,0,0,1,0,0.00, 
1946,160,0,0,0,1,0,0.00, 
1947,160,0,0,0,1,0,0.00, 
1948,161,0,0,0,1,0,0.00, 
1949,161,0,0,0,1,0,0.00, 
1950,161,0,0,0,1,0,0.00, 
1951,162,0,0,0,1,0,0.00, 
1952,162,0,0,0,1,0,0.00, 
1953,162,0,0,0,1,0,0.00, 
1954,162,0,0,0,1,0,0.00, 
1955,163,0,0,0,1,0,0.00, 
1956,163,3,0,(null),1,0,0.00, 
1957,163,0,0,0,1,0,0.00, 
1958,163,0,0,0,1,0,0.00, 
1959,163,0,0,0,1,0,0.00, 
1960,163,0,0,0,1,0,0.00, 
1961,163,0,0,0,1,0,0.00, 
1962,163,0,0,0,1,0,0.00, 
1963,164,0,0,0,1,0,0.00, 
1964,164,0,0,0,1,0,0.00, 
1965,164,0,0,0,1,0,0.00, 
1966,164,0,0,0,1,0,0.00, 
1967,164,0,0,0,1,0,0.00, 
1968,163,3,0,(null),1,0,0.00, 
1969,163,0,0,0,1,0,0.00, 
1970,163,0,0,0,1,0,0.00, 
1971,163,0,0,0,1,0,0.00, 
1972,163,0,0,0,1,0,0.00, 
1973,163,0,0,0,1,0,0.00, 
1974,163,0,0,0,1,0,0.00, 
1975,164,0,0,0,1,0,0.00, 
1976,164,0,0,0,1,0,0.00, 
1977,164,0,0,0,1,0,0.00, 
1978,165,0,0,0,1,0,0.00, 
1979,165,0,0,0,1,0,0.00, 
1980,165,3,0,(null),1,0,0.00, 
1981,165,0,0,0,1,0,0.00, 
1982,165,0,0,0,1,0,0.00, 
1983,164,0,0,0,1,0,0.00, 
1984,164,0,0,0,1,0,0.00, 
1985,164,0,0,0,1,0,0.00, 
1986,164,0,0,0,1,0,0.00, 
1987,164,0,0,0,1,0,0.00, 
1988,164,0,0,0,1,0,0.00, 
1989,163,0,0,0,1,0,0.00, 
1990,162,0,0,0,1,0,0.00, 
1991,162,0,0,0,1,0,0.00, 
1992,161,3,0,(null),1,0,0.00, 
1993,161,0,0,0,1,0,0.00, 
1994,161,0,0,0,1,0,0.00, 
1995,161,0,0,0,1,0,0.00, 
1996,161,0,0,0,1,0,0.00, 
1997,160,0,0,0,1,0,0.00, 
1998,159,0,0,0,1,0,0.00, 
1999,159,0,0,0,1,0,0.00, 
2000,159,0,0,0,1,0,0.00, 
2001,158,0,0,0,1,0,0.00, 
2002,157,0,0,0,1,0,0.00, 
2003,156,0,0,0,1,0,0.00, 
2004,156,3,0,(null),1,0,0.00, 
2005,156,0,0,0,1,0,0.00, 
2006,156,0,0,0,1,0,0.00, 
2007,156,0,0,0,1,0,0.00, 
2008,155,0,0,0,1,0,0.00, 
2009,154,0,0,0,1,0,0.00, 
2010,154,0,0,0,1,0,0.00, 
2011,154,0,0,0,1,0,0.00, 
2012,153,0,0,0,1,0,0.00, 
2013,153,0,0,0,1,0,0.00, 
2014,153,0,0,0,1,0,0.00, 
2015,153,0,0,0,1,0,0.00, 
2016,152,3,0,(null),1,0,0.00, 
2017,152,0,0,0,1,0,0.00, 
2018,153,0,0,0,1,0,0.00, 
2019,152,0,0,0,1,0,0.00, 
2020,152,0,0,0,1,0,0.00, 
2021,152,0,0,0,1,0,0.00, 
2022,152,0,0,0,1,0,0.00, 
2023,151,0,0,0,1,0,0.00, 
2024,151,0,0,0,1,0,0.00, 
2025,152,0,0,0,1,0,0.00, 
2026,152,0,0,0,1,0,0.00, 
2027,151,0,0,0,1,0,0.00, 
2028,151,3,0,(null),1,0,0.00, 
2029,152,0,0,0,1,0,0.00, 
2030,151,0,0,0,1,0,0.00, 
2031,151,0,0,0,1,0,0.00, 
2032,151,0,0,0,1,0,0.00, 
2033,151,0,0,0,1,0,0.00, 
2034,151,0,0,0,1,0,0.00, 
2035,151,0,0,0,1,0,0.00, 
2036,151,0,0,0,1,0,0.00, 
2037,151,0,0,0,1,0,0.00, 
2038,151,0,0,0,1,0,0.00, 
2039,151,0,0,0,1,0,0.00, 
2040,151,3,0,(null),1,0,0.00, 
2041,152,0,0,0,1,0,0.00, 
2042,152,0,0,0,1,0,0.00, 
2043,152,0,0,0,1,0,0.00, 
2044,152,0,0,0,1,0,0.00, 
2045,152,0,0,0,1,0,0.00, 
2046,152,0,0,0,1,0,0.00, 
2047,153,0,0,0,1,0,0.00, 
2048,153,0,0,0,1,0,0.00, 
2049,153,0,0,0,1,0,0.00, 
2050,154,0,0,0,1,0,0.00, 
2051,154,0,0,0,1,0,0.00, 
2052,153,3,0,(null),1,0,0.00, 
2053,154,0,0,0,1,0,0.00, 
2054,154,0,0,0,1,0,0.00, 
2055,153,0,0,0,1,0,0.00, 
2056,153,0,0,0,1,0,0.00, 
2057,153,0,0,0,1,0,0.00, 
2058,153,0,0,0,1,0,0.00, 
2059,153,0,0,0,1,0,0.00, 
2060,153,0,0,0,1,0,0.00, 
2061,154,0,0,0,1,0,0.00, 
2062,154,0,0,0,1,0,0.00, 
2063,155,0,0,0,1,0,0.00, 
2064,155,3,0,(null),1,0,0.00, 
2065,155,0,0,0,1,0,0.00, 
2066,156,0,0,0,1,0,0.00, 
2067,156,0,0,0,1,0,0.00, 
2068,157,0,0,0,1,0,0.00, 
2069,157,0,0,0,1,0,0.00, 
2070,156,0,0,0,1,0,0.00, 
2071,157,0,0,0,1,0,0.00, 
2072,157,0,0,0,1,0,0.00, 
2073,157,0,0,0,1,0,0.00, 
2074,157,0,0,0,1,0,0.00, 
2075,157,0,0,0,1,0,0.00, 
2076,158,2,0,(null),1,0,0.00, 
2077,158,0,0,0,1,0,0.00, 
2078,158,0,0,0,1,0,0.00, 
2079,158,0,0,0,1,0,0.00, 
2080,158,0,0,0,1,0,0.00, 
2081,158,0,0,0,1,0,0.00, 
2082,158,0,0,0,1,0,0.00, 
2083,158,0,0,0,1,0,0.00, 
2084,159,0,0,0,1,0,0.00, 
2085,160,0,0,0,1,0,0.00, 
2086,160,0,0,0,1,0,0.00, 
2087,160,0,0,0,1,0,0.00, 
2088,160,3,0,(null),1,0,0.00, 
2089,160,0,0,0,1,0,0.00, 
2090,160,0,0,0,1,0,0.00, 
2091,160,0,0,0,1,0,0.00, 
2092,160,0,0,0,1,0,0.00, 
2093,160,0,0,0,1,0,0.00, 
2094,160,0,0,0,1,0,0.00, 
2095,161,0,0,0,1,0,0.00, 
2096,160,0,0,0,1,0,0.00, 
2097,160,0,0,0,1,0,0.00, 
2098,160,0,0,0,1,0,0.00, 
2099,160,0,0,0,1,0,0.00, 
2100,160,3,0,(null),1,0,0.00, 
2101,160,0,0,0,1,0,0.00, 
2102,160,0,0,0,1,0,0.00, 
2103,160,0,0,0,1,0,0.00, 
2104,159,0,0,0,1,0,0.00, 
2105,159,0,0,0,1,0,0.00, 
2106,158,0,0,0,1,0,0.00, 
2107,159,0,0,0,1,0,0.00, 
2108,158,0,0,0,1,0,0.00, 
2109,159,0,0,0,1,0,0.00, 
2110,158,0,0,0,1,0,0.00, 
2111,158,0,0,0,1,0,0.00, 
2112,158,3,0,(null),1,0,0.00, 
2113,158,0,0,0,1,0,0.00, 
2114,158,0,0,0,1,0,0.00, 
2115,158,0,0,0,1,0,0.00, 
2116,158,0,0,0,1,0,0.00, 
2117,158,0,0,0,1,0,0.00, 
2118,158,0,0,0,1,0,0.00, 
2119,158,0,0,0,1,0,0.00, 
2120,158,0,0,0,1,0,0.00, 
2121,158,0,0,0,1,0,0.00, 
2122,158,0,0,0,1,0,0.00, 
2123,158,0,0,0,1,0,0.00, 
2124,158,3,0,(null),1,0,0.00, 
2125,157,0,0,0,1,0,0.00, 
2126,157,0,0,0,1,0,0.00, 
2127,157,0,0,0,1,0,0.00, 
2128,157,0,0,0,1,0,0.00, 
2129,157,0,0,0,1,0,0.00, 
2130,158,0,0,0,1,0,0.00, 
2131,157,0,0,0,1,0,0.00, 
2132,158,0,0,0,1,0,0.00, 
2133,159,0,0,0,1,0,0.00, 
2134,160,0,0,0,1,0,0.00, 
2135,160,0,0,0,1,0,0.00, 
2136,160,3,0,(null),1,0,0.00, 
2137,160,0,0,0,1,0,0.00, 
2138,161,0,0,0,1,0,0.00, 
2139,161,0,0,0,1,0,0.00, 
2140,161,0,0,0,1,0,0.00, 
2141,162,0,0,0,1,0,0.00, 
2142,163,0,0,0,1,0,0.00, 
2143,164,0,0,0,1,0,0.00, 
2144,165,0,0,0,1,0,0.00, 
2145,165,0,0,0,1,0,0.00, 
2146,165,0,0,0,1,0,0.00, 
2147,165,0,0,0,1,0,0.00, 
2148,165,4,0,(null),1,0,0.00, 
2149,165,0,0,0,1,0,0.00, 
2150,165,0,0,0,1,0,0.00, 
2151,165,0,0,0,1,0,0.00, 
2152,165,0,0,0,1,0,0.00, 
2153,165,0,0,0,1,0,0.00, 
2154,165,0,0,0,1,0,0.00, 
2155,166,0,0,0,1,0,0.00, 
2156,166,0,0,0,1,0,0.00, 
2157,166,0,0,0,1,0,0.00, 
2158,166,0,0,0,1,0,0.00, 
2159,166,0,0,0,1,0,0.00, 
2160,166,3,0,(null),1,0,0.00, 
2161,165,0,0,0,1,0,0.00, 
2162,165,0,0,0,1,0,0.00, 
2163,166,0,0,0,1,0,0.00, 
2164,166,0,0,0,1,0,0.00, 
2165,165,0,0,0,1,0,0.00, 
2166,165,0,0,0,1,0,0.00, 
2167,164,0,0,0,1,0,0.00, 
2168,164,0,0,0,1,0,0.00, 
2169,164,0,0,0,1,0,0.00, 
2170,164,0,0,0,1,0,0.00, 
2171,164,0,0,0,1,0,0.00, 
2172,164,3,0,(null),1,0,0.00, 
2173,164,0,0,0,1,0,0.00, 
2174,164,0,0,0,1,0,0.00, 
2175,165,0,0,0,1,0,0.00, 
2176,166,0,0,0,1,0,0.00, 
2177,166,0,0,0,1,0,0.00, 
2178,166,0,0,0,1,0,0.00, 
2179,166,0,0,0,1,0,0.00, 
2180,165,0,0,0,1,0,0.00, 
2181,165,0,0,0,1,0,0.00, 
2182,165,0,0,0,1,0,0.00, 
2183,166,0,0,0,1,0,0.00, 
2184,166,3,0,(null),1,0,0.00, 
2185,165,0,0,0,1,0,0.00, 
2186,165,0,0,0,1,0,0.00, 
2187,165,0,0,0,1,0,0.00, 
2188,165,0,0,0,1,0,0.00, 
2189,165,0,0,0,1,0,0.00, 
2190,165,0,0,0,1,0,0.00, 
2191,165,0,0,0,1,0,0.00, 
2192,165,0,0,0,1,0,0.00, 
2193,165,0,0,0,1,0,0.00, 
2194,165,0,0,0,1,0,0.00, 
2195,165,0,0,0,1,0,0.00, 
2196,165,3,0,(null),1,0,0.00, 
2197,165,0,0,0,1,0,0.00, 
2198,165,0,0,0,1,0,0.00, 
2199,165,0,0,0,1,0,0.00, 
2200,165,0,0,0,1,0,0.00, 
2201,165,0,0,0,1,0,0.00, 
2202,166,0,0,0,1,0,0.00, 
2203,166,0,0,0,1,0,0.00, 
2204,166,0,0,0,1,0,0.00, 
2205,166,0,0,0,1,0,0.00, 
2206,166,0,0,0,1,0,0.00, 
2207,167,0,0,0,1,0,0.00, 
2208,167,3,0,(null),1,0,0.00, 
2209,167,0,0,0,1,0,0.00, 
2210,167,0,0,0,1,0,0.00, 
2211,167,0,0,0,1,0,0.00, 
2212,167,0,0,0,1,0,0.00, 
2213,167,0,0,0,1,0,0.00, 
2214,166,0,0,0,1,0,0.00, 
2215,166,0,0,0,1,0,0.00, 
2216,166,0,0,0,1,0,0.00, 
2217,165,0,0,0,1,0,0.00, 
2218,165,0,0,0,1,0,0.00, 
2219,165,0,0,0,1,0,0.00, 
2220,165,4,0,(null),1,0,0.00, 
2221,165,0,0,0,1,0,0.00, 
2222,165,0,0,0,1,0,0.00, 
2223,164,0,0,0,1,0,0.00, 
2224,165,0,0,0,1,0,0.00, 
2225,165,0,0,0,1,0,0.00, 
2226,165,0,0,0,1,0,0.00, 
2227,165,0,0,0,1,0,0.00, 
2228,165,0,0,0,1,0,0.00, 
2229,165,0,0,0,1,0,0.00, 
2230,166,0,0,0,1,0,0.00, 
2231,166,0,0,0,1,0,0.00, 
2232,166,3,0,(null),1,0,0.00, 
2233,165,0,0,0,1,0,0.00, 
2234,165,0,0,0,1,0,0.00, 
2235,165,0,0,0,1,0,0.00, 
2236,165,0,0,0,1,0,0.00, 
2237,166,0,0,0,1,0,0.00, 
2238,166,0,0,0,1,0,0.00, 
2239,166,0,0,0,1,0,0.00, 
2240,166,0,0,0,1,0,0.00, 
2241,165,0,0,0,1,0,0.00, 
2242,165,0,0,0,1,0,0.00, 
2243,165,0,0,0,1,0,0.00, 
2244,165,3,0,(null),1,0,0.00, 
2245,165,0,0,0,1,0,0.00, 
2246,166,0,0,0,1,0,0.00, 
2247,166,0,0,0,1,0,0.00, 
2248,166,0,0,0,1,0,0.00, 
2249,166,0,0,0,1,0,0.00, 
2250,166,0,0,0,1,0,0.00, 
2251,166,0,0,0,1,0,0.00, 
2252,166,0,0,0,1,0,0.00, 
2253,166,0,0,0,1,0,0.00, 
2254,166,0,0,0,1,0,0.00, 
2255,165,0,0,0,1,0,0.00, 
2256,165,3,0,(null),1,0,0.00, 
2257,165,0,0,0,1,0,0.00, 
2258,165,0,0,0,1,0,0.00, 
2259,165,0,0,0,1,0,0.00, 
2260,165,0,0,0,1,0,0.00, 
2261,165,0,0,0,1,0,0.00, 
2262,164,0,0,0,1,0,0.00, 
2263,163,0,0,0,1,0,0.00, 
2264,163,0,0,0,1,0,0.00, 
2265,163,0,0,0,1,0,0.00, 
2266,163,0,0,0,1,0,0.00, 
2267,163,0,0,0,1,0,0.00, 
2268,164,3,0,(null),1,0,0.00, 
2269,163,0,0,0,1,0,0.00, 
2270,163,0,0,0,1,0,0.00, 
2271,164,0,0,0,1,0,0.00, 
2272,164,0,0,0,1,0,0.00, 
2273,164,0,0,0,1,0,0.00, 
2274,163,0,0,0,1,0,0.00, 
2275,163,0,0,0,1,0,0.00, 
2276,163,0,0,0,1,0,0.00, 
2277,163,0,0,0,1,0,0.00, 
2278,163,0,0,0,1,0,0.00, 
2279,163,0,0,0,1,0,0.00, 
2280,164,4,0,(null),1,0,0.00, 
2281,164,0,0,0,1,0,0.00, 
2282,164,0,0,0,1,0,0.00, 
2283,164,0,0,0,1,0,0.00, 
2284,165,0,0,0,1,0,0.00, 
2285,165,0,0,0,1,0,0.00, 
2286,165,0,0,0,1,0,0.00, 
2287,165,0,0,0,1,0,0.00, 
2288,165,0,0,0,1,0,0.00, 
2289,165,0,0,0,1,0,0.00, 
2290,165,0,0,0,1,0,0.00, 
2291,164,0,0,0,1,0,0.00, 
2292,164,3,0,(null),1,0,0.00, 
2293,164,0,0,0,1,0,0.00, 
2294,164,0,0,0,1,0,0.00, 
2295,164,0,0,0,1,0,0.00, 
2296,165,0,0,0,1,0,0.00, 
2297,165,0,0,0,1,0,0.00, 
2298,165,0,0,0,1,0,0.00, 
2299,165,0,0,0,1,0,0.00, 
2300,165,0,0,0,1,0,0.00, 
2301,165,0,0,0,1,0,0.00, 
2302,164,0,0,0,1,0,0.00, 
2303,162,0,0,0,1,0,0.00, 
2304,163,3,0,(null),1,0,0.00, 
2305,163,0,0,0,1,0,0.00, 
2306,162,0,0,0,1,0,0.00, 
2307,162,0,0,0,1,0,0.00, 
2308,161,0,0,0,1,0,0.00, 
2309,161,0,0,0,1,0,0.00, 
2310,160,0,0,0,1,0,0.00, 
2311,159,0,0,0,1,0,0.00, 
2312,159,0,0,0,1,0,0.00, 
2313,159,0,0,0,1,0,0.00, 
2314,159,0,0,0,1,0,0.00, 
2315,159,0,0,0,1,0,0.00, 
2316,159,3,0,(null),1,0,0.00, 
2317,158,0,0,0,1,0,0.00, 
2318,158,0,0,0,1,0,0.00, 
2319,158,0,0,0,1,0,0.00, 
2320,157,0,0,0,1,0,0.00, 
2321,157,0,0,0,1,0,0.00, 
2322,156,0,0,0,1,0,0.00, 
2323,155,0,0,0,1,0,0.00, 
2324,154,0,0,0,1,0,0.00, 
2325,153,0,0,0,1,0,0.00, 
2326,152,0,0,0,1,0,0.00, 
2327,151,0,0,0,1,0,0.00, 
2328,151,3,0,(null),1,0,0.00, 
2329,151,0,0,0,1,0,0.00, 
2330,151,0,0,0,1,0,0.00, 
2331,151,0,0,0,1,0,0.00, 
2332,151,0,0,0,1,0,0.00, 
2333,151,0,0,0,1,0,0.00, 
2334,151,0,0,0,1,0,0.00, 
2335,151,0,0,0,1,0,0.00, 
2336,151,0,0,0,1,0,0.00, 
2337,151,0,0,0,1,0,0.00, 
2338,151,0,0,0,1,0,0.00, 
2339,151,0,0,0,1,0,0.00, 
2340,151,3,0,(null),1,0,0.00, 
2341,149,0,0,0,1,0,0.00, 
2342,149,0,0,0,1,0,0.00, 
2343,149,0,0,0,1,0,0.00, 
2344,148,0,0,0,1,0,0.00, 
2345,148,0,0,0,1,0,0.00, 
2346,147,0,0,0,1,0,0.00, 
2347,147,0,0,0,1,0,0.00, 
2348,147,0,0,0,1,0,0.00, 
2349,146,0,0,0,1,0,0.00, 
2350,146,0,0,0,1,0,0.00, 
2351,145,0,0,0,1,0,0.00, 
2352,145,2,0,(null),1,0,0.00, 
2353,145,0,0,0,1,0,0.00, 
2354,145,0,0,0,1,0,0.00, 
2355,145,0,0,0,1,0,0.00, 
2356,144,0,0,0,1,0,0.00, 
2357,144,0,0,0,1,0,0.00, 
2358,144,0,0,0,1,0,0.00, 
2359,143,0,0,0,1,0,0.00, 
2360,143,0,0,0,1,0,0.00, 
2361,144,0,0,0,1,0,0.00, 
2362,144,0,0,0,1,0,0.00, 
2363,144,0,0,0,1,0,0.00, 
2364,144,3,0,(null),1,0,0.00, 
2365,144,0,0,0,1,0,0.00, 
2366,144,0,0,0,1,0,0.00, 
2367,144,0,0,0,1,0,0.00, 
2368,145,0,0,0,1,0,0.00, 
2369,145,0,0,0,1,0,0.00, 
2370,146,0,0,0,1,0,0.00, 
2371,146,0,0,0,1,0,0.00, 
2372,146,0,0,0,1,0,0.00, 
2373,146,0,0,0,1,0,0.00, 
2374,146,0,0,0,1,0,0.00, 
2375,146,0,0,0,1,0,0.00, 
2376,146,2,0,(null),1,0,0.00, 
2377,146,0,0,0,1,0,0.00, 
2378,145,0,0,0,1,0,0.00, 
2379,145,0,0,0,1,0,0.00, 
2380,145,0,0,0,1,0,0.00, 
2381,145,0,0,0,1,0,0.00, 
2382,145,0,0,0,1,0,0.00, 
2383,145,0,0,0,1,0,0.00, 
2384,145,0,0,0,1,0,0.00, 
2385,145,0,0,0,1,0,0.00, 
2386,145,0,0,0,1,0,0.00, 
2387,145,0,0,0,1,0,0.00, 
2388,145,3,0,(null),1,0,0.00, 
2389,145,0,0,0,1,0,0.00, 
2390,145,0,0,0,1,0,0.00, 
2391,145,0,0,0,1,0,0.00, 
2392,145,0,0,0,1,0,0.00, 
2393,145,0,0,0,1,0,0.00, 
2394,145,0,0,0,1,0,0.00, 
2395,145,0,0,0,1,0,0.00, 
2396,145,0,0,0,1,0,0.00, 
2397,147,0,0,0,1,0,0.00, 
2398,148,0,0,0,1,0,0.00, 
2399,148,0,0,0,1,0,0.00, 
2400,150,3,0,(null),1,0,0.00, 
2401,150,0,0,0,1,0,0.00, 
2402,151,0,0,0,1,0,0.00, 
2403,154,0,0,0,1,0,0.00, 
2404,155,0,0,0,1,0,0.00, 
2405,155,0,0,0,1,0,0.00, 
2406,155,0,0,0,1,0,0.00, 
2407,155,0,0,0,1,0,0.00, 
2408,155,0,0,0,1,0,0.00, 
2409,155,0,0,0,1,0,0.00, 
2410,155,0,0,0,1,0,0.00, 
2411,158,0,0,0,1,0,0.00, 
2412,158,2,0,(null),1,0,0.00, 
2413,158,0,0,0,1,0,0.00, 
2414,158,0,0,0,1,0,0.00, 
2415,158,0,0,0,1,0,0.00, 
2416,158,0,0,0,1,0,0.00, 
2417,158,0,0,0,1,0,0.00, 
2418,158,0,0,0,1,0,0.00, 
2419,158,0,0,0,1,0,0.00, 
2420,159,0,0,0,1,0,0.00, 
2421,159,0,0,0,1,0,0.00, 
2422,159,0,0,0,1,0,0.00, 
2423,158,0,0,0,1,0,0.00, 
2424,158,3,0,(null),1,0,0.00, 
2425,157,0,0,0,1,0,0.00, 
2426,157,0,0,0,1,0,0.00, 
2427,156,0,0,0,1,0,0.00, 
2428,156,0,0,0,1,0,0.00, 
2429,156,0,0,0,1,0,0.00, 
2430,154,0,0,0,1,0,0.00, 
2431,154,0,0,0,1,0,0.00, 
2432,155,0,0,0,1,0,0.00, 
2433,155,0,0,0,1,0,0.00, 
2434,156,0,0,0,1,0,0.00, 
2435,156,0,0,0,1,0,0.00, 
2436,156,3,0,(null),1,0,0.00, 
2437,155,0,0,0,1,0,0.00, 
2438,155,0,0,0,1,0,0.00, 
2439,154,0,0,0,1,0,0.00, 
2440,153,0,0,0,1,0,0.00, 
2441,153,0,0,0,1,0,0.00, 
2442,152,0,0,0,1,0,0.00, 
2443,152,0,0,0,1,0,0.00, 
2444,152,0,0,0,1,0,0.00, 
2445,151,0,0,0,1,0,0.00, 
2446,151,0,0,0,1,0,0.00, 
2447,149,0,0,0,1,0,0.00, 
2448,146,3,0,(null),1,0,0.00, 
2449,145,0,0,0,1,0,0.00, 
2450,145,0,0,0,1,0,0.00, 
2451,144,0,0,0,1,0,0.00, 
2452,144,0,0,0,1,0,0.00, 
2453,144,0,0,0,1,0,0.00, 
2454,144,0,0,0,1,0,0.00, 
2455,144,0,0,0,1,0,0.00, 
2456,144,0,0,0,1,0,0.00, 
2457,144,0,0,0,1,0,0.00, 
2458,144,0,0,0,1,0,0.00, 
2459,143,0,0,0,1,0,0.00, 
2460,143,3,0,(null),1,0,0.00, 
2461,143,0,0,0,1,0,0.00, 
2462,143,0,0,0,1,0,0.00, 
2463,143,0,0,0,1,0,0.00, 
2464,143,0,0,0,1,0,0.00, 
2465,143,0,0,0,1,0,0.00, 
2466,142,0,0,0,1,0,0.00, 
2467,142,0,0,0,1,0,0.00, 
2468,142,0,0,0,1,0,0.00, 
2469,142,0,0,0,1,0,0.00, 
2470,143,0,0,0,1,0,0.00, 
2471,143,0,0,0,1,0,0.00, 
2472,143,2,0,(null),1,0,0.00, 
2473,143,0,0,0,1,0,0.00, 
2474,142,0,0,0,1,0,0.00, 
2475,141,0,0,0,1,0,0.00, 
2476,140,0,0,0,1,0,0.00, 
2477,141,0,0,0,1,0,0.00, 
2478,141,0,0,0,1,0,0.00, 
2479,141,0,0,0,1,0,0.00, 
2480,141,0,0,0,1,0,0.00, 
2481,141,0,0,0,1,0,0.00, 
2482,140,0,0,0,1,0,0.00, 
2483,140,0,0,0,1,0,0.00, 
2484,140,3,0,(null),1,0,0.00, 
2485,139,0,0,0,1,0,0.00, 
2486,137,0,0,0,1,0,0.00, 
2487,136,0,0,0,1,0,0.00, 
2488,135,0,0,0,1,0,0.00, 
2489,135,0,0,0,1,0,0.00, 
2490,135,0,0,0,1,0,0.00, 
2491,136,0,0,0,1,0,0.00, 
2492,137,0,0,0,1,0,0.00, 
2493,138,0,0,0,1,0,0.00, 
2494,140,0,0,0,1,0,0.00, 
2495,141,0,0,0,1,0,0.00, 
2496,143,2,0,(null),1,0,0.00, 
2497,143,0,0,0,1,0,0.00, 
2498,144,0,0,0,1,0,0.00, 
2499,144,0,0,0,1,0,0.00, 
2500,144,0,0,0,1,0,0.00, 
2501,145,0,0,0,1,0,0.00, 
2502,145,0,0,0,1,0,0.00, 
2503,145,0,0,0,1,0,0.00, 
2504,145,0,0,0,1,0,0.00, 
2505,145,0,0,0,1,0,0.00, 
2506,145,0,0,0,1,0,0.00, 
2507,145,0,0,0,1,0,0.00, 
2508,148,2,0,(null),1,0,0.00, 
2509,151,0,0,0,1,0,0.00, 
2510,154,0,0,0,1,0,0.00, 
2511,157,0,0,0,1,0,0.00, 
2512,162,0,0,0,1,0,0.00, 
2513,164,0,0,0,1,0,0.00, 
2514,165,0,0,0,1,0,0.00, 
2515,165,0,0,0,1,0,0.00, 
2516,165,0,0,0,1,0,0.00, 
2517,165,0,0,0,1,0,0.00, 
2518,165,0,0,0,1,0,0.00, 
2519,165,0,0,0,1,0,0.00, 
2520,165,4,0,(null),1,0,0.00, 
2521,165,0,0,0,1,0,0.00, 
2522,165,0,0,0,1,0,0.00, 
2523,165,0,0,0,1,0,0.00, 
2524,165,0,0,0,1,0,0.00, 
2525,166,0,0,0,1,0,0.00, 
2526,167,0,0,0,1,0,0.00, 
2527,167,0,0,0,1,0,0.00, 
2528,167,0,0,0,1,0,0.00, 
2529,166,0,0,0,1,0,0.00, 
2530,167,0,0,0,1,0,0.00, 
2531,166,0,0,0,1,0,0.00, 
2532,166,3,0,(null),1,0,0.00, 
2533,166,0,0,0,1,0,0.00, 
2534,166,0,0,0,1,0,0.00, 
2535,166,0,0,0,1,0,0.00, 
2536,166,0,0,0,1,0,0.00, 
2537,166,0,0,0,1,0,0.00, 
2538,166,0,0,0,1,0,0.00, 
2539,166,0,0,0,1,0,0.00, 
2540,166,0,0,0,1,0,0.00, 
2541,165,0,0,0,1,0,0.00, 
2542,165,0,0,0,1,0,0.00, 
2543,163,0,0,0,1,0,0.00, 
2544,163,3,0,(null),1,0,0.00, 
2545,162,0,0,0,1,0,0.00, 
2546,161,0,0,0,1,0,0.00, 
2547,160,0,0,0,1,0,0.00, 
2548,159,0,0,0,1,0,0.00, 
2549,159,0,0,0,1,0,0.00, 
2550,159,0,0,0,1,0,0.00, 
2551,158,0,0,0,1,0,0.00, 
2552,158,0,0,0,1,0,0.00, 
2553,158,0,0,0,1,0,0.00, 
2554,157,0,0,0,1,0,0.00, 
2555,157,0,0,0,1,0,0.00, 
2556,156,3,0,(null),1,0,0.00, 
2557,156,0,0,0,1,0,0.00, 
2558,155,0,0,0,1,0,0.00, 
2559,155,0,0,0,1,0,0.00, 
2560,154,0,0,0,1,0,0.00, 
2561,154,0,0,0,1,0,0.00, 
2562,153,0,0,0,1,0,0.00, 
2563,153,0,0,0,1,0,0.00, 
2564,152,0,0,0,1,0,0.00, 
2565,152,0,0,0,1,0,0.00, 
2566,152,0,0,0,1,0,0.00, 
2567,151,0,0,0,1,0,0.00, 
2568,151,3,0,(null),1,0,0.00, 
2569,150,0,0,0,1,0,0.00, 
2570,150,0,0,0,1,0,0.00, 
2571,149,0,0,0,1,0,0.00, 
2572,149,0,0,0,1,0,0.00, 
2573,150,0,0,0,1,0,0.00, 
2574,149,0,0,0,1,0,0.00, 
2575,149,0,0,0,1,0,0.00, 
2576,149,0,0,0,1,0,0.00, 
2577,149,0,0,0,1,0,0.00, 
2578,148,0,0,0,1,0,0.00, 
2579,148,0,0,0,1,0,0.00, 
2580,148,2,0,(null),1,0,0.00, 
2581,149,0,0,0,1,0,0.00, 
2582,149,0,0,0,1,0,0.00, 
2583,149,0,0,0,1,0,0.00, 
2584,149,0,0,0,1,0,0.00, 
2585,149,0,0,0,1,0,0.00, 
2586,149,0,0,0,1,0,0.00, 
2587,149,0,0,0,1,0,0.00, 
2588,149,0,0,0,1,0,0.00, 
2589,150,0,0,0,1,0,0.00, 
2590,150,0,0,0,1,0,0.00, 
2591,150,0,0,0,1,0,0.00, 
2592,150,3,0,(null),1,0,0.00, 
2593,150,0,0,0,1,0,0.00, 
2594,150,0,0,0,1,0,0.00, 
2595,150,0,0,0,1,0,0.00, 
2596,150,0,0,0,1,0,0.00, 
2597,150,0,0,0,1,0,0.00, 
2598,150,0,0,0,1,0,0.00, 
2599,151,0,0,0,1,0,0.00, 
2600,153,0,0,0,1,0,0.00, 
2601,153,0,0,0,1,0,0.00, 
2602,151,0,0,0,1,0,0.00, 
2603,151,0,0,0,1,0,0.00, 
2604,150,3,0,(null),1,0,0.00, 
2605,150,0,0,0,1,0,0.00, 
2606,150,0,0,0,1,0,0.00, 
2607,149,0,0,0,1,0,0.00, 
2608,149,0,0,0,1,0,0.00, 
2609,149,0,0,0,1,0,0.00, 
2610,149,0,0,0,1,0,0.00, 
2611,149,0,0,0,1,0,0.00, 
2612,149,0,0,0,1,0,0.00, 
2613,149,0,0,0,1,0,0.00, 
2614,149,0,0,0,1,0,0.00, 
2615,149,0,0,0,1,0,0.00, 
2616,148,3,0,(null),1,0,0.00, 
2617,147,0,0,0,1,0,0.00, 
2618,147,0,0,0,1,0,0.00, 
2619,147,0,0,0,1,0,0.00, 
2620,147,0,0,0,1,0,0.00, 
2621,147,0,0,0,1,0,0.00, 
2622,145,0,0,0,1,0,0.00, 
2623,144,0,0,0,1,0,0.00, 
2624,144,0,0,0,1,0,0.00, 
2625,144,0,0,0,1,0,0.00, 
2626,144,0,0,0,1,0,0.00, 
2627,144,0,0,0,1,0,0.00, 
2628,144,2,0,(null),1,0,0.00, 
2629,144,0,0,0,1,0,0.00, 
2630,144,0,0,0,1,0,0.00, 
2631,143,0,0,0,1,0,0.00, 
2632,142,0,0,0,1,0,0.00, 
2633,142,0,0,0,1,0,0.00, 
2634,142,0,0,0,1,0,0.00, 
2635,142,0,0,0,1,0,0.00, 
2636,142,0,0,0,1,0,0.00, 
2637,142,0,0,0,1,0,0.00, 
2638,138,0,0,0,1,0,0.00, 
2639,137,0,0,0,1,0,0.00, 
2640,138,3,0,(null),1,0,0.00, 
2641,138,0,0,0,1,0,0.00, 
2642,138,0,0,0,1,0,0.00, 
2643,138,0,0,0,1,0,0.00, 
2644,133,0,0,0,1,0,0.00, 
2645,132,0,0,0,1,0,0.00, 
2646,131,0,0,0,1,0,0.00, 
2647,131,0,0,0,1,0,0.00, 
2648,131,0,0,0,1,0,0.00, 
2649,129,0,0,0,1,0,0.00, 
2650,129,0,0,0,1,0,0.00, 
2651,128,0,0,0,1,0,0.00, 
2652,128,2,0,(null),1,0,0.00, 
2653,128,0,0,0,1,0,0.00, 
2654,127,0,0,0,1,0,0.00, 
2655,127,0,0,0,1,0,0.00, 
2656,128,0,0,0,1,0,0.00, 
2657,128,0,0,0,1,0,0.00, 
2658,128,0,0,0,1,0,0.00, 
2659,128,0,0,0,1,0,0.00, 
2660,128,0,0,0,1,0,0.00, 
2661,128,0,0,0,1,0,0.00, 
2662,128,0,0,0,1,0,0.00, 
2663,128,0,0,0,1,0,0.00, 
2664,127,2,0,(null),1,0,0.00, 
2665,127,0,0,0,1,0,0.00, 
2666,127,0,0,0,1,0,0.00, 
2667,127,0,0,0,1,0,0.00, 
2668,127,0,0,0,1,0,0.00, 
2669,126,0,0,0,1,0,0.00, 
2670,126,0,0,0,1,0,0.00, 
2671,126,0,0,0,1,0,0.00, 
2672,125,0,0,0,1,0,0.00, 
2673,126,0,0,0,1,0,0.00, 
2674,126,0,0,0,1,0,0.00, 
2675,127,0,0,0,1,0,0.00, 
2676,127,2,0,(null),1,0,0.00, 
2677,127,0,0,0,1,0,0.00, 
2678,127,0,0,0,1,0,0.00, 
2679,127,0,0,0,1,0,0.00, 
2680,126,0,0,0,1,0,0.00, 
2681,125,0,0,0,1,0,0.00, 
2682,125,0,0,0,1,0,0.00, 
2683,126,0,0,0,1,0,0.00, 
2684,126,0,0,0,1,0,0.00, 
2685,126,0,0,0,1,0,0.00, 
2686,126,0,0,0,1,0,0.00, 
2687,125,0,0,0,1,0,0.00, 
2688,124,2,0,(null),1,0,0.00, 
2689,124,0,0,0,1,0,0.00, 
2690,124,0,0,0,1,0,0.00, 
2691,125,0,0,0,1,0,0.00, 
2692,126,0,0,0,1,0,0.00, 
2693,129,0,0,0,1,0,0.00, 
2694,129,0,0,0,1,0,0.00, 
2695,129,0,0,0,1,0,0.00, 
2696,129,0,0,0,1,0,0.00, 
2697,129,0,0,0,1,0,0.00, 
2698,129,0,0,0,1,0,0.00, 
2699,122,0,0,0,1,0,0.00, 
2700,121,2,0,(null),1,0,0.00, 
2701,120,0,0,0,1,0,0.00, 
2702,120,0,0,0,1,0,0.00, 
2703,120,0,0,0,1,0,0.00, 
2704,120,0,0,0,1,0,0.00, 
2705,120,0,0,0,1,0,0.00, 
2706,120,0,0,0,1,0,0.00, 
2707,120,0,0,0,1,0,0.00, 
2708,120,0,0,0,1,0,0.00, 
2709,120,0,0,0,1,0,0.00, 
2710,120,0,0,0,1,0,0.00, 
2711,120,0,0,0,1,0,0.00, 
2712,121,2,0,(null),1,0,0.00, 
2713,121,0,0,0,1,0,0.00, 
2714,121,0,0,0,1,0,0.00, 
2715,121,0,0,0,1,0,0.00, 
2716,121,0,0,0,1,0,0.00, 
2717,121,0,0,0,1,0,0.00, 
2718,121,0,0,0,1,0,0.00, 
2719,121,0,0,0,1,0,0.00, 
2720,121,0,0,0,1,0,0.00, 
2721,121,0,0,0,1,0,0.00, 
2722,121,0,0,0,1,0,0.00, 
2723,133,0,0,0,1,0,0.00, 
2724,135,2,0,(null),1,0,0.00, 
2725,134,0,0,0,1,0,0.00, 
2726,135,0,0,0,1,0,0.00, 
2727,135,0,0,0,1,0,0.00, 
2728,135,0,0,0,1,0,0.00, 
2729,135,0,0,0,1,0,0.00, 
2730,135,0,0,0,1,0,0.00, 
2731,134,0,0,0,1,0,0.00, 
2732,135,0,0,0,1,0,0.00, 
2733,135,0,0,0,1,0,0.00, 
2734,135,0,0,0,1,0,0.00, 
2735,134,0,0,0,1,0,0.00, 
2736,134,2,0,(null),1,0,0.00, 
2737,134,0,0,0,1,0,0.00, 
2738,134,0,0,0,1,0,0.00, 
2739,134,0,0,0,1,0,0.00, 
2740,134,0,0,0,1,0,0.00, 
2741,135,0,0,0,1,0,0.00, 
2742,135,0,0,0,1,0,0.00, 
2743,135,0,0,0,1,0,0.00, 
2744,135,0,0,0,1,0,0.00, 
2745,135,0,0,0,1,0,0.00, 
2746,136,0,0,0,1,0,0.00, 
2747,136,0,0,0,1,0,0.00, 
2748,136,2,0,(null),1,0,0.00, 
2749,136,0,0,0,1,0,0.00, 
2750,137,0,0,0,1,0,0.00, 
2751,136,0,0,0,1,0,0.00, 
2752,136,0,0,0,1,0,0.00, 
2753,135,0,0,0,1,0,0.00, 
2754,134,0,0,0,1,0,0.00, 
2755,135,0,0,0,1,0,0.00, 
2756,136,0,0,0,1,0,0.00, 
2757,136,0,0,0,1,0,0.00, 
2758,137,0,0,0,1,0,0.00, 
2759,137,0,0,0,1,0,0.00, 
2760,138,3,0,(null),1,0,0.00, 
2761,138,0,0,0,1,0,0.00, 
2762,139,0,0,0,1,0,0.00, 
2763,139,0,0,0,1,0,0.00, 
2764,139,0,0,0,1,0,0.00, 
2765,139,0,0,0,1,0,0.00, 
2766,139,0,0,0,1,0,0.00, 
2767,139,0,0,0,1,0,0.00, 
2768,139,0,0,0,1,0,0.00, 
2769,139,0,0,0,1,0,0.00, 
2770,138,0,0,0,1,0,0.00, 
2771,138,0,0,0,1,0,0.00, 
2772,138,2,0,(null),1,0,0.00, 
2773,142,0,0,0,1,0,0.00, 
2774,144,0,0,0,1,0,0.00, 
2775,145,0,0,0,1,0,0.00, 
2776,145,0,0,0,1,0,0.00, 
2777,145,0,0,0,1,0,0.00, 
2778,145,0,0,0,1,0,0.00, 
2779,145,0,0,0,1,0,0.00, 
2780,145,0,0,0,1,0,0.00, 
2781,145,0,0,0,1,0,0.00, 
2782,145,0,0,0,1,0,0.00, 
2783,145,0,0,0,1,0,0.00, 
2784,145,2,0,(null),1,0,0.00, 
2785,145,0,0,0,1,0,0.00, 
2786,144,0,0,0,1,0,0.00, 
2787,144,0,0,0,1,0,0.00, 
2788,143,0,0,0,1,0,0.00, 
2789,143,0,0,0,1,0,0.00, 
2790,143,0,0,0,1,0,0.00, 
2791,142,0,0,0,1,0,0.00, 
2792,142,0,0,0,1,0,0.00, 
2793,142,0,0,0,1,0,0.00, 
2794,141,0,0,0,1,0,0.00, 
2795,141,0,0,0,1,0,0.00, 
2796,140,3,0,(null),1,0,0.00, 
2797,140,0,0,0,1,0,0.00, 
2798,140,0,0,0,1,0,0.00, 
2799,140,0,0,0,1,0,0.00, 
2800,139,0,0,0,1,0,0.00, 
2801,139,0,0,0,1,0,0.00, 
2802,139,0,0,0,1,0,0.00, 
2803,138,0,0,0,1,0,0.00, 
2804,137,0,0,0,1,0,0.00, 
2805,137,0,0,0,1,0,0.00, 
2806,137,0,0,0,1,0,0.00, 
2807,137,0,0,0,1,0,0.00, 
2808,136,2,0,(null),1,0,0.00, 
2809,136,0,0,0,1,0,0.00, 
2810,137,0,0,0,1,0,0.00, 
2811,137,0,0,0,1,0,0.00, 
2812,137,0,0,0,1,0,0.00, 
2813,137,0,0,0,1,0,0.00, 
2814,138,0,0,0,1,0,0.00, 
2815,138,0,0,0,1,0,0.00, 
2816,138,0,0,0,1,0,0.00, 
2817,138,0,0,0,1,0,0.00, 
2818,138,0,0,0,1,0,0.00, 
2819,138,0,0,0,1,0,0.00, 
2820,139,3,0,(null),1,0,0.00, 
2821,141,0,0,0,1,0,0.00, 
2822,147,0,0,0,1,0,0.00, 
2823,154,0,0,0,1,0,0.00, 
2824,157,0,0,0,1,0,0.00, 
2825,158,0,0,0,1,0,0.00, 
2826,159,0,0,0,1,0,0.00, 
2827,159,0,0,0,1,0,0.00, 
2828,159,0,0,0,1,0,0.00, 
2829,159,0,0,0,1,0,0.00, 
2830,159,0,0,0,1,0,0.00, 
2831,159,0,0,0,1,0,0.00, 
2832,159,3,0,(null),1,0,0.00, 
2833,159,0,0,0,1,0,0.00, 
2834,159,0,0,0,1,0,0.00, 
2835,158,0,0,0,1,0,0.00, 
2836,158,0,0,0,1,0,0.00, 
2837,157,0,0,0,1,0,0.00, 
2838,158,0,0,0,1,0,0.00, 
2839,157,0,0,0,1,0,0.00, 
2840,157,0,0,0,1,0,0.00, 
2841,157,0,0,0,1,0,0.00, 
2842,157,0,0,0,1,0,0.00, 
2843,157,0,0,0,1,0,0.00, 
2844,156,3,0,(null),1,0,0.00, 
2845,156,0,0,0,1,0,0.00, 
2846,155,0,0,0,1,0,0.00, 
2847,154,0,0,0,1,0,0.00, 
2848,154,0,0,0,1,0,0.00, 
2849,154,0,0,0,1,0,0.00, 
2850,153,0,0,0,1,0,0.00, 
2851,153,0,0,0,1,0,0.00, 
2852,153,0,0,0,1,0,0.00, 
2853,153,0,0,0,1,0,0.00, 
2854,152,0,0,0,1,0,0.00, 
2855,150,0,0,0,1,0,0.00, 
2856,149,2,0,(null),1,0,0.00, 
2857,148,0,0,0,1,0,0.00, 
2858,147,0,0,0,1,0,0.00, 
2859,146,0,0,0,1,0,0.00, 
2860,146,0,0,0,1,0,0.00, 
2861,146,0,0,0,1,0,0.00, 
2862,145,0,0,0,1,0,0.00, 
2863,145,0,0,0,1,0,0.00, 
2864,145,0,0,0,1,0,0.00, 
2865,145,0,0,0,1,0,0.00, 
2866,144,0,0,0,1,0,0.00, 
2867,144,0,0,0,1,0,0.00, 
2868,144,3,0,(null),1,0,0.00, 
2869,142,0,0,0,1,0,0.00, 
2870,142,0,0,0,1,0,0.00, 
2871,142,0,0,0,1,0,0.00, 
2872,142,0,0,0,1,0,0.00, 
2873,142,0,0,0,1,0,0.00, 
2874,142,0,0,0,1,0,0.00, 
2875,142,0,0,0,1,0,0.00, 
2876,143,0,0,0,1,0,0.00, 
2877,144,0,0,0,1,0,0.00, 
2878,144,0,0,0,1,0,0.00, 
2879,144,0,0,0,1,0,0.00, 
2880,144,2,0,(null),1,0,0.00, 
2881,143,0,0,0,1,0,0.00, 
2882,142,0,0,0,1,0,0.00, 
2883,142,0,0,0,1,0,0.00, 
2884,142,0,0,0,1,0,0.00, 
2885,142,0,0,0,1,0,0.00, 
2886,142,0,0,0,1,0,0.00, 
2887,142,0,0,0,1,0,0.00, 
2888,142,0,0,0,1,0,0.00, 
2889,142,0,0,0,1,0,0.00, 
2890,143,0,0,0,1,0,0.00, 
2891,144,0,0,0,1,0,0.00, 
2892,144,3,0,(null),1,0,0.00, 
2893,144,0,0,0,1,0,0.00, 
2894,144,0,0,0,1,0,0.00, 
2895,145,0,0,0,1,0,0.00, 
2896,146,0,0,0,1,0,0.00, 
2897,146,0,0,0,1,0,0.00, 
2898,146,0,0,0,1,0,0.00, 
2899,146,0,0,0,1,0,0.00, 
2900,146,0,0,0,1,0,0.00, 
2901,147,0,0,0,1,0,0.00, 
2902,149,0,0,0,1,0,0.00, 
2903,151,0,0,0,1,0,0.00, 
2904,152,3,0,(null),1,0,0.00, 
2905,153,0,0,0,1,0,0.00, 
2906,153,0,0,0,1,0,0.00, 
2907,153,0,0,0,1,0,0.00, 
2908,153,0,0,0,1,0,0.00, 
2909,153,0,0,0,1,0,0.00, 
2910,153,0,0,0,1,0,0.00, 
2911,153,0,0,0,1,0,0.00, 
2912,153,0,0,0,1,0,0.00, 
2913,153,0,0,0,1,0,0.00, 
2914,153,0,0,0,1,0,0.00, 
2915,153,0,0,0,1,0,0.00, 
2916,153,2,0,(null),1,0,0.00, 
2917,153,0,0,0,1,0,0.00, 
2918,158,0,0,0,1,0,0.00, 
2919,158,0,0,0,1,0,0.00, 
2920,158,0,0,0,1,0,0.00, 
2921,158,0,0,0,1,0,0.00, 
2922,158,0,0,0,1,0,0.00, 
2923,158,0,0,0,1,0,0.00, 
2924,158,0,0,0,1,0,0.00, 
2925,158,0,0,0,1,0,0.00, 
2926,158,0,0,0,1,0,0.00, 
2927,158,0,0,0,1,0,0.00, 
2928,158,3,0,(null),1,0,0.00, 
2929,158,0,0,0,1,0,0.00, 
2930,158,0,0,0,1,0,0.00, 
2931,157,0,0,0,1,0,0.00, 
2932,157,0,0,0,1,0,0.00, 
2933,156,0,0,0,1,0,0.00, 
2934,156,0,0,0,1,0,0.00, 
2935,156,0,0,0,1,0,0.00, 
2936,155,0,0,0,1,0,0.00, 
2937,155,0,0,0,1,0,0.00, 
2938,155,0,0,0,1,0,0.00, 
2939,155,0,0,0,1,0,0.00, 
2940,154,3,0,(null),1,0,0.00, 
2941,154,0,0,0,1,0,0.00, 
2942,154,0,0,0,1,0,0.00, 
2943,154,0,0,0,1,0,0.00, 
2944,154,0,0,0,1,0,0.00, 
2945,154,0,0,0,1,0,0.00, 
2946,154,0,0,0,1,0,0.00, 
2947,154,0,0,0,1,0,0.00, 
2948,153,0,0,0,1,0,0.00, 
2949,153,0,0,0,1,0,0.00, 
2950,153,0,0,0,1,0,0.00, 
2951,153,0,0,0,1,0,0.00, 
2952,153,3,0,(null),1,0,0.00, 
2953,153,0,0,0,1,0,0.00, 
2954,153,0,0,0,1,0,0.00, 
2955,153,0,0,0,1,0,0.00, 
2956,153,0,0,0,1,0,0.00, 
2957,152,0,0,0,1,0,0.00, 
2958,152,0,0,0,1,0,0.00, 
2959,152,0,0,0,1,0,0.00, 
2960,152,0,0,0,1,0,0.00, 
2961,152,0,0,0,1,0,0.00, 
2962,151,0,0,0,1,0,0.00, 
2963,150,0,0,0,1,0,0.00, 
2964,149,3,0,(null),1,0,0.00, 
2965,148,0,0,0,1,0,0.00, 
2966,146,0,0,0,1,0,0.00, 
2967,147,0,0,0,1,0,0.00, 
2968,148,0,0,0,1,0,0.00, 
2969,148,0,0,0,1,0,0.00, 
2970,149,0,0,0,1,0,0.00, 
2971,149,0,0,0,1,0,0.00, 
2972,149,0,0,0,1,0,0.00, 
2973,150,0,0,0,1,0,0.00, 
2974,151,0,0,0,1,0,0.00, 
2975,151,0,0,0,1,0,0.00, 
2976,152,3,0,(null),1,0,0.00, 
2977,153,0,0,0,1,0,0.00, 
2978,154,0,0,0,1,0,0.00, 
2979,155,0,0,0,1,0,0.00, 
2980,155,0,0,0,1,0,0.00, 
2981,155,0,0,0,1,0,0.00, 
2982,156,0,0,0,1,0,0.00, 
2983,156,0,0,0,1,0,0.00, 
2984,157,0,0,0,1,0,0.00, 
2985,157,0,0,0,1,0,0.00, 
2986,156,0,0,0,1,0,0.00, 
2987,156,0,0,0,1,0,0.00, 
2988,156,2,0,(null),1,0,0.00, 
2989,156,0,0,0,1,0,0.00, 
2990,157,0,0,0,1,0,0.00, 
2991,157,0,0,0,1,0,0.00, 
2992,156,0,0,0,1,0,0.00, 
2993,155,0,0,0,1,0,0.00, 
2994,154,0,0,0,1,0,0.00, 
2995,154,0,0,0,1,0,0.00, 
2996,155,0,0,0,1,0,0.00, 
2997,154,0,0,0,1,0,0.00, 
2998,154,0,0,0,1,0,0.00, 
2999,153,0,0,0,1,0,0.00, 
3000,152,3,0,(null),1,0,0.00, 
3001,151,0,0,0,1,0,0.00, 
3002,151,0,0,0,1,0,0.00, 
3003,151,0,0,0,1,0,0.00, 
3004,151,0,0,0,1,0,0.00, 
3005,150,0,0,0,1,0,0.00, 
3006,150,0,0,0,1,0,0.00, 
3007,150,0,0,0,1,0,0.00, 
3008,150,0,0,0,1,0,0.00, 
3009,150,0,0,0,1,0,0.00, 
3010,150,0,0,0,1,0,0.00, 
3011,150,0,0,0,1,0,0.00, 
3012,150,3,0,(null),1,0,0.00, 
3013,150,0,0,0,1,0,0.00, 
3014,149,0,0,0,1,0,0.00, 
3015,149,0,0,0,1,0,0.00, 
3016,149,0,0,0,1,0,0.00, 
3017,149,0,0,0,1,0,0.00, 
3018,149,0,0,0,1,0,0.00, 
3019,149,0,0,0,1,0,0.00, 
3020,148,0,0,0,1,0,0.00, 
3021,148,0,0,0,1,0,0.00, 
3022,148,0,0,0,1,0,0.00, 
3023,148,0,0,0,1,0,0.00, 
3024,148,3,0,(null),1,0,0.00, 
3025,148,0,0,0,1,0,0.00, 
3026,148,0,0,0,1,0,0.00, 
3027,148,0,0,0,1,0,0.00, 
3028,148,0,0,0,1,0,0.00, 
3029,149,0,0,0,1,0,0.00, 
3030,150,0,0,0,1,0,0.00, 
3031,151,0,0,0,1,0,0.00, 
3032,151,0,0,0,1,0,0.00, 
3033,151,0,0,0,1,0,0.00, 
3034,151,0,0,0,1,0,0.00, 
3035,151,0,0,0,1,0,0.00, 
3036,151,2,0,(null),1,0,0.00, 
3037,151,0,0,0,1,0,0.00, 
3038,152,0,0,0,1,0,0.00, 
3039,152,0,0,0,1,0,0.00, 
3040,152,0,0,0,1,0,0.00, 
3041,151,0,0,0,1,0,0.00, 
3042,150,0,0,0,1,0,0.00, 
3043,149,0,0,0,1,0,0.00, 
3044,149,0,0,0,1,0,0.00, 
3045,149,0,0,0,1,0,0.00, 
3046,149,0,0,0,1,0,0.00, 
3047,149,0,0,0,1,0,0.00, 
3048,148,3,0,(null),1,0,0.00, 
3049,147,0,0,0,1,0,0.00, 
3050,146,0,0,0,1,0,0.00, 
3051,145,0,0,0,1,0,0.00, 
3052,144,0,0,0,1,0,0.00, 
3053,143,0,0,0,1,0,0.00, 
3054,143,0,0,0,1,0,0.00, 
3055,142,0,0,0,1,0,0.00, 
3056,142,0,0,0,1,0,0.00, 
3057,142,0,0,0,1,0,0.00, 
3058,142,0,0,0,1,0,0.00, 
3059,142,0,0,0,1,0,0.00, 
3060,142,3,0,(null),1,0,0.00, 
3061,142,0,0,0,1,0,0.00, 
3062,142,0,0,0,1,0,0.00, 
3063,141,0,0,0,1,0,0.00, 
3064,139,0,0,0,1,0,0.00, 
3065,139,0,0,0,1,0,0.00, 
3066,137,0,0,0,1,0,0.00, 
3067,137,0,0,0,1,0,0.00, 
3068,135,0,0,0,1,0,0.00, 
3069,134,0,0,0,1,0,0.00, 
3070,134,0,0,0,1,0,0.00, 
3071,134,0,0,0,1,0,0.00, 
3072,134,2,0,(null),1,0,0.00, 
3073,134,0,0,0,1,0,0.00, 
3074,133,0,0,0,1,0,0.00, 
3075,133,0,0,0,1,0,0.00, 
3076,133,0,0,0,1,0,0.00, 
3077,133,0,0,0,1,0,0.00, 
3078,133,0,0,0,1,0,0.00, 
3079,133,0,0,0,1,0,0.00, 
3080,133,0,0,0,1,0,0.00, 
3081,134,0,0,0,1,0,0.00, 
3082,134,0,0,0,1,0,0.00, 
3083,134,0,0,0,1,0,0.00, 
3084,134,2,0,(null),1,0,0.00, 
3085,134,0,0,0,1,0,0.00, 
3086,135,0,0,0,1,0,0.00, 
3087,135,0,0,0,1,0,0.00, 
3088,134,0,0,0,1,0,0.00, 
3089,134,0,0,0,1,0,0.00, 
3090,134,0,0,0,1,0,0.00, 
3091,133,0,0,0,1,0,0.00, 
3092,133,0,0,0,1,0,0.00, 
3093,131,0,0,0,1,0,0.00, 
3094,131,0,0,0,1,0,0.00, 
3095,130,0,0,0,1,0,0.00, 
3096,129,2,0,(null),1,0,0.00, 
3097,131,0,0,0,1,0,0.00, 
3098,135,0,0,0,1,0,0.00, 
3099,141,0,0,0,1,0,0.00, 
3100,141,0,0,0,1,0,0.00, 
3101,143,0,0,0,1,0,0.00, 
3102,143,0,0,0,1,0,0.00, 
3103,144,0,0,0,1,0,0.00, 
3104,144,0,0,0,1,0,0.00, 
3105,144,0,0,0,1,0,0.00, 
3106,144,0,0,0,1,0,0.00, 
3107,145,0,0,0,1,0,0.00, 
3108,145,3,0,(null),1,0,0.00, 
3109,146,0,0,0,1,0,0.00, 
3110,146,0,0,0,1,0,0.00, 
3111,146,0,0,0,1,0,0.00, 
3112,145,0,0,0,1,0,0.00, 
3113,144,0,0,0,1,0,0.00, 
3114,144,0,0,0,1,0,0.00, 
3115,143,0,0,0,1,0,0.00, 
3116,143,0,0,0,1,0,0.00, 
3117,143,0,0,0,1,0,0.00, 
3118,143,0,0,0,1,0,0.00, 
3119,143,0,0,0,1,0,0.00, 
3120,142,3,0,(null),1,0,0.00, 
3121,142,0,0,0,1,0,0.00, 
3122,142,0,0,0,1,0,0.00, 
3123,142,0,0,0,1,0,0.00, 
3124,142,0,0,0,1,0,0.00, 
3125,142,0,0,0,1,0,0.00, 
3126,142,0,0,0,1,0,0.00, 
3127,142,0,0,0,1,0,0.00, 
3128,142,0,0,0,1,0,0.00, 
3129,141,0,0,0,1,0,0.00, 
3130,141,0,0,0,1,0,0.00, 
3131,140,0,0,0,1,0,0.00, 
3132,140,2,0,(null),1,0,0.00, 
3133,140,0,0,0,1,0,0.00, 
3134,140,0,0,0,1,0,0.00, 
3135,140,0,0,0,1,0,0.00, 
3136,140,0,0,0,1,0,0.00, 
3137,140,0,0,0,1,0,0.00, 
3138,140,0,0,0,1,0,0.00, 
3139,140,0,0,0,1,0,0.00, 
3140,142,0,0,0,1,0,0.00, 
3141,142,0,0,0,1,0,0.00, 
3142,142,0,0,0,1,0,0.00, 
3143,142,0,0,0,1,0,0.00, 
3144,142,2,0,(null),1,0,0.00, 
3145,142,0,0,0,1,0,0.00, 
3146,142,0,0,0,1,0,0.00, 
3147,141,0,0,0,1,0,0.00, 
3148,140,0,0,0,1,0,0.00, 
3149,140,0,0,0,1,0,0.00, 
3150,139,0,0,0,1,0,0.00, 
3151,139,0,0,0,1,0,0.00, 
3152,139,0,0,0,1,0,0.00, 
3153,139,0,0,0,1,0,0.00, 
3154,139,0,0,0,1,0,0.00, 
3155,139,0,0,0,1,0,0.00, 
3156,139,3,0,(null),1,0,0.00, 
3157,140,0,0,0,1,0,0.00, 
3158,141,0,0,0,1,0,0.00, 
3159,141,0,0,0,1,0,0.00, 
3160,142,0,0,0,1,0,0.00, 
3161,141,0,0,0,1,0,0.00, 
3162,141,0,0,0,1,0,0.00, 
3163,141,0,0,0,1,0,0.00, 
3164,141,0,0,0,1,0,0.00, 
3165,141,0,0,0,1,0,0.00, 
3166,141,0,0,0,1,0,0.00, 
3167,141,0,0,0,1,0,0.00, 
3168,141,2,0,(null),1,0,0.00, 
3169,141,0,0,0,1,0,0.00, 
3170,141,0,0,0,1,0,0.00, 
3171,141,0,0,0,1,0,0.00, 
3172,141,0,0,0,1,0,0.00, 
3173,141,0,0,0,1,0,0.00, 
3174,142,0,0,0,1,0,0.00, 
3175,143,0,0,0,1,0,0.00, 
3176,143,0,0,0,1,0,0.00, 
3177,143,0,0,0,1,0,0.00, 
3178,142,0,0,0,1,0,0.00, 
3179,142,0,0,0,1,0,0.00, 
3180,142,3,0,(null),1,0,0.00, 
3181,141,0,0,0,1,0,0.00, 
3182,141,0,0,0,1,0,0.00, 
3183,141,0,0,0,1,0,0.00, 
3184,141,0,0,0,1,0,0.00, 
3185,141,0,0,0,1,0,0.00, 
3186,142,0,0,0,1,0,0.00, 
3187,142,0,0,0,1,0,0.00, 
3188,142,0,0,0,1,0,0.00, 
3189,142,0,0,0,1,0,0.00, 
3190,142,0,0,0,1,0,0.00, 
3191,142,0,0,0,1,0,0.00, 
3192,142,2,0,(null),1,0,0.00, 
3193,143,0,0,0,1,0,0.00, 
3194,144,0,0,0,1,0,0.00, 
3195,145,0,0,0,1,0,0.00, 
3196,146,0,0,0,1,0,0.00, 
3197,146,0,0,0,1,0,0.00, 
3198,146,0,0,0,1,0,0.00, 
3199,146,0,0,0,1,0,0.00, 
3200,146,0,0,0,1,0,0.00, 
3201,146,0,0,0,1,0,0.00, 
3202,147,0,0,0,1,0,0.00, 
3203,147,0,0,0,1,0,0.00, 
3204,147,3,0,(null),1,0,0.00, 
3205,147,0,0,0,1,0,0.00, 
3206,146,0,0,0,1,0,0.00, 
3207,146,0,0,0,1,0,0.00, 
3208,146,0,0,0,1,0,0.00, 
3209,146,0,0,0,1,0,0.00, 
3210,146,0,0,0,1,0,0.00, 
3211,150,0,0,0,1,0,0.00, 
3212,153,0,0,0,1,0,0.00, 
3213,154,0,0,0,1,0,0.00, 
3214,154,0,0,0,1,0,0.00, 
3215,156,0,0,0,1,0,0.00, 
3216,156,3,0,(null),1,0,0.00, 
3217,156,0,0,0,1,0,0.00, 
3218,156,0,0,0,1,0,0.00, 
3219,156,0,0,0,1,0,0.00, 
3220,156,0,0,0,1,0,0.00, 
3221,155,0,0,0,1,0,0.00, 
3222,154,0,0,0,1,0,0.00, 
3223,154,0,0,0,1,0,0.00, 
3224,153,0,0,0,1,0,0.00, 
3225,152,0,0,0,1,0,0.00, 
3226,151,0,0,0,1,0,0.00, 
3227,151,0,0,0,1,0,0.00, 
3228,151,2,0,(null),1,0,0.00, 
3229,151,0,0,0,1,0,0.00, 
3230,151,0,0,0,1,0,0.00, 
3231,151,0,0,0,1,0,0.00, 
3232,151,0,0,0,1,0,0.00, 
3233,151,0,0,0,1,0,0.00, 
3234,152,0,0,0,1,0,0.00, 
3235,153,0,0,0,1,0,0.00, 
3236,153,0,0,0,1,0,0.00, 
3237,154,0,0,0,1,0,0.00, 
3238,154,0,0,0,1,0,0.00, 
3239,155,0,0,0,1,0,0.00, 
3240,155,3,0,(null),1,0,0.00, 
3241,155,0,0,0,1,0,0.00, 
3242,155,0,0,0,1,0,0.00, 
3243,154,0,0,0,1,0,0.00, 
3244,154,0,0,0,1,0,0.00, 
3245,154,0,0,0,1,0,0.00, 
3246,154,0,0,0,1,0,0.00, 
3247,154,0,0,0,1,0,0.00, 
3248,154,0,0,0,1,0,0.00, 
3249,154,0,0,0,1,0,0.00, 
3250,154,0,0,0,1,0,0.00, 
3251,154,0,0,0,1,0,0.00, 
3252,155,3,0,(null),1,0,0.00, 
3253,156,0,0,0,1,0,0.00, 
3254,156,0,0,0,1,0,0.00, 
3255,156,0,0,0,1,0,0.00, 
3256,156,0,0,0,1,0,0.00, 
3257,156,0,0,0,1,0,0.00, 
3258,156,0,0,0,1,0,0.00, 
3259,156,0,0,0,1,0,0.00, 
3260,156,0,0,0,1,0,0.00, 
3261,156,0,0,0,1,0,0.00, 
3262,156,0,0,0,1,0,0.00, 
3263,156,0,0,0,1,0,0.00, 
3264,156,3,0,(null),1,0,0.00, 
3265,156,0,0,0,1,0,0.00, 
3266,156,0,0,0,1,0,0.00, 
3267,156,0,0,0,1,0,0.00, 
3268,156,0,0,0,1,0,0.00, 
3269,156,0,0,0,1,0,0.00, 
3270,156,0,0,0,1,0,0.00, 
3271,156,0,0,0,1,0,0.00, 
3272,156,0,0,0,1,0,0.00, 
3273,156,0,0,0,1,0,0.00, 
3274,154,0,0,0,1,0,0.00, 
3275,154,0,0,0,1,0,0.00, 
3276,154,3,0,(null),1,0,0.00, 
3277,154,0,0,0,1,0,0.00, 
3278,153,0,0,0,1,0,0.00, 
3279,153,0,0,0,1,0,0.00, 
3280,153,0,0,0,1,0,0.00, 
3281,153,0,0,0,1,0,0.00, 
3282,152,0,0,0,1,0,0.00, 
3283,151,0,0,0,1,0,0.00, 
3284,151,0,0,0,1,0,0.00, 
3285,151,0,0,0,1,0,0.00, 
3286,151,0,0,0,1,0,0.00, 
3287,147,0,0,0,1,0,0.00, 
3288,146,3,0,(null),1,0,0.00, 
3289,146,0,0,0,1,0,0.00, 
3290,146,0,0,0,1,0,0.00, 
3291,145,0,0,0,1,0,0.00, 
3292,145,0,0,0,1,0,0.00, 
3293,146,0,0,0,1,0,0.00, 
3294,146,0,0,0,1,0,0.00, 
3295,146,0,0,0,1,0,0.00, 
3296,146,0,0,0,1,0,0.00, 
3297,146,0,0,0,1,0,0.00, 
3298,147,0,0,0,1,0,0.00, 
3299,147,0,0,0,1,0,0.00, 
3300,147,2,0,(null),1,0,0.00, 
3301,148,0,0,0,1,0,0.00, 
3302,148,0,0,0,1,0,0.00, 
3303,148,0,0,0,1,0,0.00, 
3304,148,0,0,0,1,0,0.00, 
3305,150,0,0,0,1,0,0.00, 
3306,150,0,0,0,1,0,0.00, 
3307,149,0,0,0,1,0,0.00, 
3308,149,0,0,0,1,0,0.00, 
3309,149,0,0,0,1,0,0.00, 
3310,149,0,0,0,1,0,0.00, 
3311,149,0,0,0,1,0,0.00, 
3312,149,3,0,(null),1,0,0.00, 
3313,149,0,0,0,1,0,0.00, 
3314,149,0,0,0,1,0,0.00, 
3315,149,0,0,0,1,0,0.00, 
3316,149,0,0,0,1,0,0.00, 
3317,149,0,0,0,1,0,0.00, 
3318,149,0,0,0,1,0,0.00, 
3319,149,0,0,0,1,0,0.00, 
3320,149,0,0,0,1,0,0.00, 
3321,149,0,0,0,1,0,0.00, 
3322,149,0,0,0,1,0,0.00, 
3323,149,0,0,0,1,0,0.00, 
3324,148,3,0,(null),1,0,0.00, 
3325,148,0,0,0,1,0,0.00, 
3326,148,0,0,0,1,0,0.00, 
3327,148,0,0,0,1,0,0.00, 
3328,148,0,0,0,1,0,0.00, 
3329,151,0,0,0,1,0,0.00, 
3330,151,0,0,0,1,0,0.00, 
3331,151,0,0,0,1,0,0.00, 
3332,151,0,0,0,1,0,0.00, 
3333,151,0,0,0,1,0,0.00, 
3334,151,0,0,0,1,0,0.00, 
3335,151,0,0,0,1,0,0.00, 
3336,151,2,0,(null),1,0,0.00, 
3337,151,0,0,0,1,0,0.00, 
3338,151,0,0,0,1,0,0.00, 
3339,151,0,0,0,1,0,0.00, 
3340,151,0,0,0,1,0,0.00, 
3341,153,0,0,0,1,0,0.00, 
3342,151,0,0,0,1,0,0.00, 
3343,150,0,0,0,1,0,0.00, 
3344,149,0,0,0,1,0,0.00, 
3345,148,0,0,0,1,0,0.00, 
3346,148,0,0,0,1,0,0.00, 
3347,148,0,0,0,1,0,0.00, 
3348,148,3,0,(null),1,0,0.00, 
3349,148,0,0,0,1,0,0.00, 
3350,146,0,0,0,1,0,0.00, 
3351,145,0,0,0,1,0,0.00, 
3352,145,0,0,0,1,0,0.00, 
3353,144,0,0,0,1,0,0.00, 
3354,144,0,0,0,1,0,0.00, 
3355,144,0,0,0,1,0,0.00, 
3356,144,0,0,0,1,0,0.00, 
3357,143,0,0,0,1,0,0.00, 
3358,143,0,0,0,1,0,0.00, 
3359,143,0,0,0,1,0,0.00, 
3360,142,3,0,(null),1,0,0.00, 
3361,141,0,0,0,1,0,0.00, 
3362,141,0,0,0,1,0,0.00, 
3363,140,0,0,0,1,0,0.00, 
3364,140,0,0,0,1,0,0.00, 
3365,140,0,0,0,1,0,0.00, 
3366,139,0,0,0,1,0,0.00, 
3367,139,0,0,0,1,0,0.00, 
3368,138,0,0,0,1,0,0.00, 
3369,138,0,0,0,1,0,0.00, 
3370,138,0,0,0,1,0,0.00, 
3371,138,0,0,0,1,0,0.00, 
3372,138,2,0,(null),1,0,0.00, 
3373,138,0,0,0,1,0,0.00, 
3374,138,0,0,0,1,0,0.00, 
3375,138,0,0,0,1,0,0.00, 
3376,138,0,0,0,1,0,0.00, 
3377,138,0,0,0,1,0,0.00, 
3378,136,0,0,0,1,0,0.00, 
3379,136,0,0,0,1,0,0.00, 
3380,136,0,0,0,1,0,0.00, 
3381,136,0,0,0,1,0,0.00, 
3382,135,0,0,0,1,0,0.00, 
3383,135,0,0,0,1,0,0.00, 
3384,134,2,0,(null),1,0,0.00, 
3385,134,0,0,0,1,0,0.00, 
3386,133,0,0,0,1,0,0.00, 
